subject_id,Filename,flag_rad_point,a,b,is_point
91319001,005527-721059.png,0.0,6.64,6.05,1.0
91319002,005614-714232.png,1.0,6.55,6.02,1.0
91319003,005922-721550.png,0.0,6.52,6.02,1.0
91319004,005935-720212.png,1.0,6.68,6.08,1.0
91319005,010046-722132.png,1.0,6.6,6.11,1.0
91319006,010405-724416.png,0.0,6.52,6.05,1.0
91319007,010436-722523.png,0.0,8.14,6.83,0.0
91319008,010630-713547.png,0.0,6.49,6.07,1.0
91319009,010726-721003.png,1.0,6.64,6.06,1.0
91319010,010753-720612.png,1.0,6.64,6.11,1.0
91319011,010819-714958.png,1.0,6.69,6.08,1.0
91319012,010830-714726.png,0.0,8.92,6.54,0.0
91319013,011001-713930.png,1.0,6.56,6.02,1.0
91319014,005518-714450.png,0.0,14.03,9.43,0.0
91319015,005523-721056.png,0.0,6.63,6.13,1.0
91319016,005738-715804.png,1.0,6.52,6.06,1.0
91319017,005758-715402.png,1.0,6.56,6.05,1.0
91319018,005804-720309.png,0.0,6.72,6.02,1.0
91319019,005821-722459.png,0.0,6.58,6.04,1.0
91319020,005912-715922.png,0.0,7.23,6.2,1.0
91319021,010001-712329.png,0.0,7.13,6.73,1.0
91319022,010055-720609.png,0.0,6.55,6.05,1.0
91319023,010102-720500.png,0.0,6.55,6.01,1.0
91319024,010107-721836.png,0.0,6.65,6.18,1.0
91319025,010107-722737.png,1.0,7.28,6.87,0.0
91319026,010110-715404.png,1.0,6.61,6.04,1.0
91319027,010116-714113.png,1.0,6.51,6.17,1.0
91319028,010123-721854.png,0.0,6.53,6.08,1.0
91319029,010304-721849.png,1.0,6.88,6.62,1.0
91319030,010329-715407.png,0.0,6.75,6.08,1.0
91319031,010354-721614.png,1.0,7.32,6.68,0.0
91319032,010448-715158.png,1.0,7.06,6.37,1.0
91319033,010619-714043.png,1.0,7.0,6.14,1.0
91319034,010648-714528.png,0.0,7.08,6.14,1.0
91319035,010708-712923.png,0.0,9.22,8.47,0.0
91319036,010756-712535.png,0.0,15.35,9.81,0.0
91319037,010806-713943.png,0.0,6.54,6.01,1.0
91319038,010811-714422.png,1.0,6.7,6.29,1.0
91319039,010814-715555.png,1.0,6.86,6.18,1.0
91319040,010920-721819.png,1.0,6.5,6.06,1.0
91319041,011016-713952.png,0.0,6.59,6.01,1.0
91319042,011035-722808.png,0.0,6.56,6.03,1.0
91319043,011053-721022.png,0.0,6.65,6.09,1.0
91319044,005604-720917.png,0.0,8.76,6.22,0.0
91319045,005808-721241.png,0.0,6.57,6.12,1.0
91319046,005957-715333.png,0.0,7.19,6.73,1.0
91319047,010015-715033.png,0.0,11.44,7.26,0.0
91319048,010027-721818.png,1.0,6.61,6.05,1.0
91319049,010040-723516.png,0.0,6.71,6.05,1.0
91319050,010151-724110.png,1.0,6.63,6.42,1.0
91319051,010203-722201.png,1.0,9.62,7.18,0.0
91319052,010227-715633.png,0.0,6.62,6.31,1.0
91319053,010245-713326.png,0.0,7.03,6.39,1.0
91319054,010300-721724.png,0.0,6.91,6.45,1.0
91319055,010350-712315.png,0.0,9.8,9.8,0.0
91319056,010402-720211.png,0.0,13.25,9.49,0.0
91319057,010405-720153.png,0.0,8.85,7.8,0.0
91319058,010431-723549.png,0.0,9.36,8.19,0.0
91319059,010505-723908.png,0.0,6.6,6.03,1.0
91319060,010511-722557.png,1.0,7.04,6.79,1.0
91319061,010538-722302.png,0.0,9.92,6.96,0.0
91319062,010542-721833.png,0.0,7.12,6.12,1.0
91319063,010556-714855.png,0.0,6.62,6.14,1.0
91319064,010614-720701.png,1.0,6.53,6.05,1.0
91319065,010625-714451.png,1.0,6.74,6.15,1.0
91319066,010625-715622.png,0.0,6.48,6.08,1.0
91319067,010636-712650.png,0.0,7.09,6.48,1.0
91319068,010641-715118.png,0.0,6.58,6.07,1.0
91319069,010645-722028.png,1.0,6.53,6.06,1.0
91319070,010721-713733.png,0.0,6.54,6.06,1.0
91319071,010851-715019.png,0.0,6.57,6.06,1.0
91319072,010857-715959.png,1.0,6.62,6.04,1.0
91319073,010934-715609.png,0.0,9.91,7.53,0.0
91319074,005507-715725.png,1.0,6.61,6.14,1.0
91319075,005736-723344.png,0.0,10.28,7.95,0.0
91319076,005737-715936.png,0.0,13.35,7.0,0.0
91319077,005849-713655.png,0.0,8.99,8.45,0.0
91319078,005938-715515.png,0.0,6.47,6.1,1.0
91319079,010126-721437.png,1.0,8.03,7.14,0.0
91319080,010143-723226.png,0.0,7.08,6.44,1.0
91319081,010147-723225.png,0.0,8.07,6.67,0.0
91319082,010149-714302.png,1.0,6.59,6.03,1.0
91319083,010209-720823.png,1.0,6.49,6.13,1.0
91319084,010221-722844.png,0.0,6.81,6.4,1.0
91319085,010241-713205.png,0.0,7.04,6.26,1.0
91319086,010320-714836.png,1.0,6.59,6.07,1.0
91319087,010320-715655.png,0.0,8.63,7.5,0.0
91319088,010427-715123.png,1.0,12.96,11.13,0.0
91319089,010435-720858.png,0.0,7.4,6.95,0.0
91319090,010446-724229.png,1.0,6.53,6.04,1.0
91319091,010512-715010.png,1.0,6.77,6.43,1.0
91319092,010525-722525.png,0.0,12.09,8.94,0.0
91319093,010539-723701.png,0.0,7.2,6.82,0.0
91319094,010543-720344.png,0.0,6.99,6.62,1.0
91319095,010656-713435.png,0.0,7.14,6.14,1.0
91319096,010803-720901.png,1.0,15.83,7.1,0.0
91319097,010845-714649.png,1.0,6.97,5.93,1.0
91319098,010854-720121.png,1.0,6.62,6.08,1.0
91319099,010859-715916.png,0.0,6.85,6.03,1.0
91319100,010905-723007.png,0.0,9.79,8.06,0.0
91319101,010934-713418.png,0.0,6.98,6.1,1.0
91319102,010958-713544.png,0.0,8.63,7.17,0.0
91319103,011029-722425.png,0.0,10.47,8.23,0.0
91319104,005539-720050.png,0.0,16.39,14.39,0.0
91319105,005636-714514.png,1.0,21.18,11.96,0.0
91319106,005641-720023.png,1.0,6.54,6.02,1.0
91319107,005723-720349.png,1.0,9.2,7.38,0.0
91319108,005733-714114.png,1.0,6.56,6.0,1.0
91319109,005815-721809.png,0.0,6.57,6.02,1.0
91319110,005820-722113.png,0.0,7.3,7.14,0.0
91319111,010021-724034.png,1.0,7.22,6.22,1.0
91319112,010029-713827.png,0.0,6.55,6.2,1.0
91319113,010043-712138.png,0.0,6.54,6.15,1.0
91319114,010058-713529.png,0.0,6.6,6.18,1.0
91319115,010203-723101.png,1.0,8.49,6.22,0.0
91319116,010211-712021.png,0.0,6.53,6.03,1.0
91319117,010216-711953.png,0.0,6.65,6.04,1.0
91319118,010344-715020.png,0.0,6.59,6.11,1.0
91319119,010355-712242.png,1.0,9.31,7.57,0.0
91319120,010429-723111.png,1.0,9.96,7.92,0.0
91319121,010435-713023.png,1.0,10.08,7.58,0.0
91319122,010440-714431.png,0.0,8.6,7.21,0.0
91319123,010505-722707.png,0.0,6.48,6.0,1.0
91319124,010637-723116.png,1.0,15.14,8.85,0.0
91319125,010741-715125.png,1.0,6.54,6.08,1.0
91319126,010745-720438.png,1.0,6.53,6.16,1.0
91319127,010914-713634.png,0.0,6.62,6.08,1.0
91319128,010916-722038.png,0.0,6.66,6.14,1.0
91319129,011008-721704.png,1.0,6.98,6.17,1.0
91319130,011108-722309.png,1.0,6.56,6.12,1.0
91319131,011115-715137.png,0.0,11.32,10.3,0.0
91319132,011119-713854.png,0.0,15.22,10.82,0.0
91319133,011143-720244.png,1.0,6.69,6.08,1.0
91319134,005534-721056.png,0.0,8.09,7.47,0.0
91319135,005536-715444.png,1.0,7.29,6.85,0.0
91319136,005600-720909.png,0.0,6.6,6.07,1.0
91319137,005820-713551.png,0.0,7.68,6.82,0.0
91319138,005822-715957.png,0.0,7.76,6.68,0.0
91319139,005834-712625.png,1.0,12.75,12.63,0.0
91319140,005843-722520.png,1.0,13.17,12.62,0.0
91319141,005913-715854.png,1.0,6.89,6.58,1.0
91319142,010007-722248.png,0.0,7.67,6.67,0.0
91319143,010025-714342.png,1.0,6.56,6.18,1.0
91319144,010104-722818.png,1.0,7.47,6.75,0.0
91319145,010142-720620.png,1.0,6.6,6.08,1.0
91319146,010207-722623.png,1.0,6.74,6.0,1.0
91319147,010350-713915.png,1.0,6.94,6.04,1.0
91319148,010353-720826.png,0.0,6.75,6.63,1.0
91319149,010358-713941.png,0.0,6.68,6.3,1.0
91319150,010430-720014.png,0.0,6.61,6.06,1.0
91319151,010431-722326.png,1.0,6.86,6.04,1.0
91319152,010447-722922.png,1.0,6.55,6.01,1.0
91319153,010550-721727.png,0.0,6.65,6.04,1.0
91319154,010603-722322.png,1.0,6.67,5.96,1.0
91319155,010608-713613.png,1.0,6.55,6.03,1.0
91319156,010714-722339.png,1.0,7.37,6.66,0.0
91319157,010756-722510.png,0.0,6.5,6.21,1.0
91319158,010813-722740.png,0.0,8.07,6.74,0.0
91319159,010850-721557.png,0.0,6.57,6.1,1.0
91319160,010854-721208.png,0.0,6.65,6.1,1.0
91319161,011043-722843.png,0.0,6.77,6.09,1.0
91319162,011045-722856.png,0.0,9.51,6.25,0.0
91319163,011107-721939.png,1.0,6.78,6.11,1.0
91319164,005526-715924.png,0.0,9.05,6.83,0.0
91319165,005620-721404.png,0.0,6.45,5.95,1.0
91319166,005629-720404.png,0.0,6.98,6.53,1.0
91319167,005700-715358.png,0.0,6.61,6.16,1.0
91319168,005734-723244.png,0.0,6.69,6.03,1.0
91319169,005954-721718.png,0.0,6.81,6.1,1.0
91319170,010047-714105.png,1.0,8.38,7.22,0.0
91319171,010120-714447.png,1.0,6.69,6.18,1.0
91319172,010126-714331.png,0.0,6.66,6.35,1.0
91319173,010200-721621.png,1.0,6.7,6.02,1.0
91319174,010228-722731.png,0.0,6.5,6.03,1.0
91319175,010228-724019.png,0.0,6.46,6.1,1.0
91319176,010232-715557.png,0.0,6.57,6.19,1.0
91319177,010236-712657.png,1.0,6.57,6.13,1.0
91319178,010347-722703.png,1.0,6.67,6.49,1.0
91319179,010407-712108.png,1.0,6.49,6.03,1.0
91319180,010447-720808.png,1.0,6.54,6.22,1.0
91319181,010533-721332.png,0.0,6.75,6.55,1.0
91319182,010541-723509.png,0.0,6.87,6.53,1.0
91319183,010557-713729.png,1.0,6.81,6.37,1.0
91319184,010619-715149.png,1.0,6.48,6.04,1.0
91319185,010713-715003.png,1.0,6.54,6.06,1.0
91319186,010803-712608.png,0.0,6.68,6.1,1.0
91319187,010854-720540.png,1.0,6.59,6.04,1.0
91319188,010933-721215.png,0.0,6.57,6.15,1.0
91319189,011025-720529.png,0.0,13.08,6.39,0.0
91319190,011045-720608.png,0.0,6.56,6.29,1.0
91319191,011055-721729.png,1.0,6.52,6.05,1.0
91319192,011132-714451.png,1.0,7.73,6.66,0.0
91319193,011151-715439.png,1.0,6.55,6.1,1.0
91319194,011250-715902.png,0.0,6.55,6.12,1.0
91319195,005544-720325.png,0.0,6.56,6.13,1.0
91319196,005653-721243.png,1.0,6.73,6.16,1.0
91319197,005935-720405.png,0.0,7.66,7.37,0.0
91319198,005954-715811.png,0.0,6.74,6.0,1.0
91319199,010056-714413.png,0.0,6.5,6.1,1.0
91319200,010058-714523.png,0.0,8.16,6.68,0.0
91319201,010059-712450.png,0.0,8.53,7.86,0.0
91319202,010240-721600.png,1.0,11.44,9.34,0.0
91319203,010256-721726.png,0.0,6.46,6.11,1.0
91319204,010314-721730.png,0.0,6.64,6.03,1.0
91319205,010332-722206.png,0.0,6.84,6.14,1.0
91319206,010420-721446.png,0.0,6.52,6.15,1.0
91319207,010426-713504.png,1.0,6.96,6.19,1.0
91319208,010436-720225.png,0.0,6.63,6.04,1.0
91319209,010509-721147.png,1.0,6.77,6.0,1.0
91319210,010514-713418.png,0.0,9.15,6.93,0.0
91319211,010527-713635.png,1.0,6.79,6.03,1.0
91319212,010530-721702.png,0.0,6.84,6.29,1.0
91319213,010537-715317.png,1.0,6.61,5.95,1.0
91319214,010637-722643.png,1.0,7.53,6.4,1.0
91319215,010653-712712.png,1.0,6.94,6.25,1.0
91319216,010654-720221.png,0.0,6.65,6.09,1.0
91319217,010703-712509.png,1.0,9.21,7.79,0.0
91319218,010719-715606.png,1.0,6.94,6.27,1.0
91319219,010719-720555.png,1.0,11.67,7.74,0.0
91319220,010803-720416.png,0.0,6.51,6.34,1.0
91319221,010816-721658.png,0.0,9.1,7.87,0.0
91319222,010838-713500.png,1.0,9.1,7.56,0.0
91319223,010845-715048.png,1.0,6.95,6.41,1.0
91319224,010935-713825.png,0.0,6.59,6.01,1.0
91319225,005429-720158.png,0.0,6.67,6.23,1.0
91319226,005622-715111.png,0.0,7.13,6.06,1.0
91319227,005728-720135.png,1.0,6.69,6.05,1.0
91319228,005848-714644.png,1.0,6.59,6.05,1.0
91319229,010056-722655.png,1.0,6.69,6.17,1.0
91319230,010108-713648.png,0.0,6.58,6.24,1.0
91319231,010125-713856.png,0.0,6.78,6.41,1.0
91319232,010135-713943.png,0.0,6.57,6.34,1.0
91319233,010204-722448.png,0.0,6.69,6.02,1.0
91319234,010215-723042.png,0.0,8.16,6.6,0.0
91319235,010254-715029.png,0.0,7.07,6.11,1.0
91319236,010316-722712.png,1.0,6.82,6.01,1.0
91319237,010400-720141.png,0.0,11.62,8.73,0.0
91319238,010410-721508.png,0.0,6.49,5.48,1.0
91319239,010509-723235.png,1.0,9.47,8.28,0.0
91319240,010526-715124.png,1.0,7.91,7.03,0.0
91319241,010552-715121.png,0.0,6.62,6.34,1.0
91319242,010630-722110.png,1.0,6.58,6.01,1.0
91319243,010704-715153.png,1.0,6.56,6.11,1.0
91319244,010709-723758.png,1.0,7.48,6.9,0.0
91319245,010713-715632.png,0.0,6.65,5.99,1.0
91319246,010808-713949.png,0.0,6.7,6.17,1.0
91319247,010810-721302.png,1.0,6.82,6.15,1.0
91319248,010815-712854.png,0.0,6.47,6.02,1.0
91319249,010821-714925.png,0.0,6.72,6.35,1.0
91319250,010843-721609.png,0.0,6.52,6.44,1.0
91319251,010855-721329.png,1.0,6.82,6.2,1.0
91319252,010927-722221.png,0.0,7.1,6.39,1.0
91319253,010947-722131.png,0.0,6.67,6.19,1.0
91319254,011018-714720.png,0.0,6.76,6.15,1.0
91319255,005706-721208.png,1.0,7.07,6.65,1.0
91319256,005730-714605.png,1.0,6.78,6.0,1.0
91319257,005743-715915.png,0.0,6.64,6.04,1.0
91319258,005745-722341.png,1.0,6.79,6.38,1.0
91319259,005815-723009.png,0.0,6.84,5.99,1.0
91319260,005842-722717.png,0.0,6.78,6.44,1.0
91319261,005851-713319.png,1.0,6.76,5.9,1.0
91319262,005858-722528.png,0.0,6.73,5.98,1.0
91319263,005953-714303.png,0.0,6.55,6.13,1.0
91319264,010135-723557.png,0.0,7.81,6.57,0.0
91319265,010149-722345.png,0.0,6.43,5.94,1.0
91319266,010223-722347.png,0.0,8.08,6.3,0.0
91319267,010241-713318.png,0.0,7.77,7.06,0.0
91319268,010246-712640.png,1.0,6.66,6.12,1.0
91319269,010332-712917.png,0.0,6.41,6.27,1.0
91319270,010350-722727.png,1.0,7.03,6.45,1.0
91319271,010352-724344.png,1.0,6.59,6.07,1.0
91319272,010428-724117.png,1.0,7.21,7.07,0.0
91319273,010507-723857.png,0.0,6.55,6.07,1.0
91319274,010537-723737.png,0.0,6.66,6.17,1.0
91319275,010601-720336.png,0.0,6.63,6.18,1.0
91319276,010706-723029.png,0.0,6.72,6.04,1.0
91319277,010723-713241.png,1.0,6.6,6.21,1.0
91319278,010808-715322.png,1.0,7.19,6.44,1.0
91319279,010841-721516.png,0.0,7.06,6.76,1.0
91319280,010841-721602.png,0.0,6.91,6.33,1.0
91319281,010911-723052.png,0.0,6.78,6.3,1.0
91319282,010927-720818.png,1.0,10.26,7.62,0.0
91319283,011035-720025.png,0.0,6.64,6.17,1.0
91319284,011038-721740.png,1.0,7.29,6.3,1.0
91319285,011119-720905.png,0.0,6.96,5.98,1.0
91319286,005540-721049.png,0.0,6.49,6.35,1.0
91319287,005557-722605.png,0.0,6.66,6.19,1.0
91319288,005729-720522.png,1.0,6.79,6.06,1.0
91319289,005833-723211.png,1.0,6.5,6.01,1.0
91319290,005903-714824.png,1.0,6.81,6.3,1.0
91319291,005930-722753.png,1.0,6.85,6.65,1.0
91319292,005950-721635.png,1.0,6.65,6.02,1.0
91319293,010028-720553.png,1.0,6.68,6.07,1.0
91319294,010035-715654.png,0.0,6.58,6.0,1.0
91319295,010051-715200.png,1.0,7.96,7.03,0.0
91319296,010116-722852.png,1.0,6.99,6.57,1.0
91319297,010136-714506.png,0.0,6.57,5.97,1.0
91319298,010206-713355.png,1.0,6.72,6.14,1.0
91319299,010206-720931.png,0.0,6.64,5.9,1.0
91319300,010215-722744.png,1.0,6.73,6.48,1.0
91319301,010232-723009.png,0.0,6.68,6.01,1.0
91319302,010246-721240.png,0.0,6.63,6.15,1.0
91319303,010253-724112.png,0.0,6.82,5.95,1.0
91319304,010338-721926.png,0.0,6.56,6.06,1.0
91319305,010438-714638.png,1.0,6.66,5.86,1.0
91319306,010446-715526.png,0.0,6.48,5.96,1.0
91319307,010448-722220.png,0.0,6.55,6.14,1.0
91319308,010517-715500.png,1.0,9.22,6.47,0.0
91319309,010528-712917.png,1.0,6.66,6.18,1.0
91319310,010557-723226.png,0.0,6.67,6.5,1.0
91319311,010623-713345.png,0.0,6.68,6.01,1.0
91319312,010732-712549.png,0.0,6.71,6.0,1.0
91319313,010835-714057.png,0.0,6.58,6.18,1.0
91319314,010835-721236.png,1.0,6.54,6.24,1.0
91319315,005703-721636.png,0.0,6.66,6.08,1.0
91319316,005810-720841.png,0.0,8.03,7.4,0.0
91319317,005904-712649.png,1.0,6.77,6.09,1.0
91319318,005912-723240.png,0.0,6.94,6.53,1.0
91319319,010025-721806.png,1.0,6.62,5.6,1.0
91319320,010026-723407.png,0.0,6.5,5.82,1.0
91319321,010112-712354.png,1.0,6.6,6.01,1.0
91319322,010115-721638.png,0.0,6.75,6.04,1.0
91319323,010117-715812.png,1.0,6.44,5.99,1.0
91319324,010201-715537.png,0.0,6.62,6.2,1.0
91319325,010221-714425.png,0.0,6.99,5.98,1.0
91319326,010307-720627.png,0.0,14.6,8.24,0.0
91319327,010312-721958.png,0.0,13.05,12.74,0.0
91319328,010344-712605.png,1.0,15.4,13.36,0.0
91319329,010420-713606.png,1.0,18.68,8.98,0.0
91319330,010438-715246.png,0.0,16.88,11.17,0.0
91319331,010456-713923.png,1.0,21.44,12.76,0.0
91319332,010507-712449.png,0.0,6.63,6.05,1.0
91319333,010634-713715.png,0.0,6.61,6.43,1.0
91319334,010648-721849.png,0.0,6.73,6.29,1.0
91319335,010710-720103.png,1.0,6.96,6.09,1.0
91319336,010715-722419.png,0.0,6.59,6.12,1.0
91319337,010722-722648.png,1.0,6.35,5.97,1.0
91319338,010729-712915.png,0.0,6.45,6.26,1.0
91319339,010912-721355.png,0.0,7.77,6.39,0.0
91319340,010915-722048.png,0.0,6.49,6.28,1.0
91319341,010953-714106.png,1.0,9.12,6.78,0.0
91319342,011005-722649.png,0.0,6.61,6.32,1.0
91319343,011102-720946.png,0.0,6.55,6.32,1.0
91319344,011120-722257.png,0.0,7.71,6.79,0.0
91319345,005519-720807.png,1.0,6.58,6.11,1.0
91319346,005731-722303.png,0.0,6.54,5.9,1.0
91319347,005810-715056.png,1.0,6.96,6.15,1.0
91319348,005829-714041.png,1.0,6.84,5.99,1.0
91319349,005837-713550.png,0.0,6.71,6.27,1.0
91319350,005935-714210.png,1.0,6.6,5.94,1.0
91319351,010012-722101.png,1.0,6.42,5.97,1.0
91319352,010018-724122.png,1.0,6.66,6.22,1.0
91319353,010020-714433.png,0.0,7.51,6.59,0.0
91319354,010022-714357.png,1.0,6.88,6.38,1.0
91319355,010102-723243.png,1.0,6.75,6.08,1.0
91319356,010137-715416.png,1.0,6.94,6.19,1.0
91319358,010138-720005.png,1.0,7.32,6.05,1.0
91319360,010145-721707.png,0.0,6.55,6.1,1.0
91319361,010153-715759.png,0.0,6.48,6.07,1.0
91319363,010336-714217.png,1.0,6.26,6.18,1.0
91319364,010337-715847.png,0.0,6.73,6.3,1.0
91319365,010355-714813.png,0.0,6.61,5.92,1.0
91319367,010504-715926.png,0.0,6.84,6.05,1.0
91319368,010530-712813.png,1.0,6.84,6.51,1.0
91319370,010631-715735.png,1.0,6.69,6.06,1.0
91319372,010636-715650.png,1.0,6.49,6.22,1.0
91319374,010709-721808.png,1.0,6.45,6.42,1.0
91319376,010714-720104.png,0.0,6.62,6.02,1.0
91319378,010719-715815.png,0.0,6.59,6.05,1.0
91319380,010726-721753.png,1.0,6.64,6.05,1.0
91319382,010738-713433.png,0.0,6.62,6.02,1.0
91319383,010808-715127.png,1.0,6.96,6.29,1.0
91319385,010856-721139.png,0.0,6.49,5.98,1.0
91319387,005802-720500.png,1.0,7.1,6.32,1.0
91319389,005904-720245.png,0.0,9.12,6.12,0.0
91319391,010010-720227.png,0.0,6.61,6.02,1.0
91319392,010041-720117.png,1.0,7.31,6.34,1.0
91319394,010109-714818.png,0.0,6.9,5.78,1.0
91319396,010137-720419.png,0.0,6.58,6.18,1.0
91319398,010200-713500.png,1.0,6.91,6.3,1.0
91319400,010200-713632.png,1.0,6.63,5.75,1.0
91319401,010201-724002.png,0.0,6.7,5.99,1.0
91319403,010217-715752.png,1.0,6.82,6.32,1.0
91319405,010222-712722.png,0.0,7.25,6.2,1.0
91319407,010230-713447.png,0.0,6.48,5.8,1.0
91319409,010248-712947.png,1.0,8.58,7.92,0.0
91319410,010255-713632.png,0.0,6.42,6.17,1.0
91319412,010314-722126.png,0.0,6.31,6.25,1.0
91319414,010328-713753.png,1.0,6.81,6.11,1.0
91319415,010435-720836.png,0.0,6.34,6.32,1.0
91319417,010458-714435.png,1.0,6.67,6.06,1.0
91319419,010536-713907.png,1.0,6.63,6.14,1.0
91319421,010622-715316.png,1.0,6.67,5.82,1.0
91319422,010645-713541.png,1.0,6.47,6.22,1.0
91319424,010700-715242.png,1.0,6.5,6.13,1.0
91319426,010731-715245.png,1.0,6.53,5.98,1.0
91319427,010748-713035.png,0.0,6.73,6.33,1.0
91319429,010829-714409.png,1.0,6.53,6.27,1.0
91319430,010854-723001.png,1.0,6.63,6.02,1.0
91319431,010910-715640.png,1.0,6.82,6.01,1.0
91319432,011002-720143.png,1.0,6.63,6.28,1.0
91319434,011041-714834.png,1.0,6.55,6.06,1.0
91319435,011050-721026.png,0.0,6.78,6.01,1.0
91319437,011133-715820.png,1.0,6.97,6.57,1.0
91319438,005429-715812.png,1.0,6.57,5.95,1.0
91319440,005506-715021.png,0.0,6.66,6.21,1.0
91319441,005810-714612.png,0.0,9.05,6.52,0.0
91319443,005813-713522.png,0.0,7.68,7.1,0.0
91319445,005820-713041.png,0.0,6.74,6.0,1.0
91319446,005822-720045.png,0.0,6.69,6.06,1.0
91319448,005901-714335.png,1.0,6.26,6.11,1.0
91319450,010010-721547.png,0.0,6.72,6.17,1.0
91319452,010024-722854.png,0.0,6.8,5.78,1.0
91319454,010029-714146.png,1.0,6.8,6.15,1.0
91319455,010113-723902.png,1.0,9.6,7.71,0.0
91319457,010122-721627.png,1.0,6.45,6.01,1.0
91319459,010123-715446.png,1.0,7.79,7.53,0.0
91319460,010214-724031.png,1.0,6.73,6.23,1.0
91319462,010249-715618.png,0.0,6.82,6.22,1.0
91319464,010316-724013.png,0.0,7.08,6.92,0.0
91319465,010434-714510.png,1.0,6.79,6.43,1.0
91319467,010449-713634.png,1.0,6.3,6.25,1.0
91319468,010506-714636.png,0.0,6.66,6.31,1.0
91319470,010509-712841.png,0.0,7.07,6.13,1.0
91319471,010536-713814.png,1.0,8.95,6.91,0.0
91319473,010621-714016.png,1.0,6.75,5.93,1.0
91319474,010647-712540.png,0.0,6.53,5.91,1.0
91319476,010647-715910.png,0.0,6.71,6.29,1.0
91319477,010647-723500.png,0.0,6.34,5.76,1.0
91319479,010708-714307.png,0.0,6.56,6.1,1.0
91319480,010733-714553.png,1.0,6.4,6.23,1.0
91319481,010747-712325.png,1.0,6.48,6.08,1.0
91319483,010917-722027.png,0.0,6.4,6.03,1.0
91319485,010937-721712.png,0.0,7.3,7.21,0.0
91319486,010954-720724.png,0.0,6.59,6.25,1.0
91319487,005524-722133.png,1.0,7.14,6.35,1.0
91319489,005557-721959.png,0.0,6.37,6.14,1.0
91319490,005610-721832.png,0.0,6.53,5.87,1.0
91319492,005620-720417.png,0.0,6.91,6.04,1.0
91319493,005747-720433.png,1.0,7.01,6.66,1.0
91319494,005810-715227.png,0.0,6.48,6.28,1.0
91319495,005859-722951.png,0.0,6.89,6.03,1.0
91319497,005902-722950.png,0.0,6.38,6.11,1.0
91319499,005943-714558.png,0.0,6.67,6.46,1.0
91319501,005954-715804.png,0.0,6.99,6.04,1.0
91319502,010042-715312.png,1.0,6.47,5.82,1.0
91319504,010049-715436.png,0.0,6.66,5.77,1.0
91319506,010211-712741.png,0.0,7.16,6.65,1.0
91319507,010249-715448.png,0.0,6.52,6.08,1.0
91319509,010251-722800.png,1.0,6.48,6.4,1.0
91319511,010344-714925.png,1.0,6.58,5.9,1.0
91319512,010348-722456.png,1.0,6.67,5.99,1.0
91319513,010354-715214.png,0.0,6.38,6.02,1.0
91319514,010515-720517.png,1.0,7.1,6.84,1.0
91319516,010517-722407.png,0.0,6.37,5.88,1.0
91319518,010531-712515.png,0.0,6.44,5.93,1.0
91319519,010633-714807.png,0.0,6.52,5.97,1.0
91319521,010659-721408.png,0.0,6.68,6.1,1.0
91319523,010701-715329.png,0.0,6.73,6.07,1.0
91319524,010729-712639.png,1.0,6.8,6.18,1.0
91319526,010746-721235.png,1.0,6.27,6.1,1.0
91319528,010929-722149.png,0.0,7.11,6.97,0.0
91319529,011038-722823.png,0.0,6.53,5.86,1.0
91319531,011056-720402.png,0.0,6.73,6.45,1.0
91319533,005700-713659.png,1.0,6.64,6.19,1.0
91319534,005704-722053.png,0.0,6.49,6.11,1.0
91319535,005820-720049.png,0.0,7.1,6.19,1.0
91319536,005911-722420.png,0.0,6.44,5.93,1.0
91319538,005928-723139.png,0.0,6.36,6.32,1.0
91319539,010102-713500.png,1.0,6.48,6.26,1.0
91319541,010112-715838.png,1.0,6.2,6.02,1.0
91319542,010139-714322.png,0.0,6.47,6.28,1.0
91319544,010139-714907.png,0.0,7.04,5.85,1.0
91319545,010208-714544.png,0.0,7.4,6.96,0.0
91319546,010217-721415.png,0.0,6.39,5.92,1.0
91319547,010227-714414.png,0.0,8.21,7.09,0.0
91319549,010358-720154.png,0.0,7.6,6.03,1.0
91319551,010422-713338.png,1.0,6.71,6.18,1.0
91319552,010432-720443.png,0.0,6.55,6.0,1.0
91319553,010454-721019.png,0.0,6.5,6.24,1.0
91319555,010504-715902.png,0.0,6.63,6.12,1.0
91319557,010513-714148.png,0.0,6.57,6.13,1.0
91319558,010530-721022.png,0.0,6.5,6.4,1.0
91319560,010654-715437.png,1.0,6.68,6.15,1.0
91319561,010720-722548.png,1.0,6.64,5.9,1.0
91319563,010740-715246.png,1.0,6.81,6.02,1.0
91319564,010815-722246.png,1.0,6.72,5.98,1.0
91319566,010859-713350.png,1.0,7.59,6.37,1.0
91319568,010906-721206.png,1.0,6.46,6.11,1.0
91319569,010918-713819.png,1.0,6.66,5.76,1.0
91319571,010918-720518.png,0.0,6.76,6.31,1.0
91319572,010925-713736.png,0.0,6.79,5.98,1.0
91319574,011048-721032.png,0.0,6.55,6.21,1.0
91319576,011049-720946.png,0.0,6.94,6.51,1.0
91319577,005503-714525.png,0.0,6.5,6.5,1.0
91319578,005537-715503.png,0.0,6.54,6.46,1.0
91319579,005635-720654.png,0.0,6.27,6.03,1.0
91319581,005728-714407.png,0.0,6.8,6.18,1.0
91319582,005757-715644.png,0.0,6.61,6.01,1.0
91319584,005827-720500.png,1.0,6.32,5.89,1.0
91319586,005916-720200.png,0.0,6.89,6.69,1.0
91319587,005930-712403.png,1.0,7.45,6.11,1.0
91319589,010007-713745.png,0.0,6.5,5.99,1.0
91319590,010035-722602.png,1.0,6.62,6.22,1.0
91319592,010037-723856.png,1.0,6.26,5.96,1.0
91319594,010116-720516.png,1.0,6.41,6.29,1.0
91319595,010143-715431.png,0.0,6.86,6.47,1.0
91319597,010232-712159.png,1.0,8.38,7.72,0.0
91319598,010233-715141.png,0.0,6.85,5.89,1.0
91319600,010348-712405.png,0.0,6.49,6.0,1.0
91319601,010403-720137.png,0.0,8.06,6.29,0.0
91319602,010414-714935.png,0.0,7.25,6.58,1.0
91319603,010428-721644.png,0.0,6.65,5.76,1.0
91319605,010455-723308.png,0.0,7.08,6.13,1.0
91319607,010521-714419.png,1.0,7.2,6.05,1.0
91319608,010634-715542.png,0.0,7.99,6.71,0.0
91319610,010701-722327.png,0.0,6.41,6.14,1.0
91319611,010706-715843.png,0.0,6.41,5.69,1.0
91319613,010759-720424.png,0.0,6.26,6.18,1.0
91319614,010839-722229.png,1.0,6.68,5.86,1.0
91319616,011000-720824.png,0.0,8.34,6.63,0.0
91319617,011018-720958.png,1.0,6.75,6.53,1.0
91319619,011137-714920.png,1.0,6.88,5.98,1.0
91319621,011142-715117.png,1.0,6.65,5.96,1.0
91319622,005641-714508.png,0.0,6.9,6.67,1.0
91319624,005756-715721.png,0.0,6.96,6.47,1.0
91319625,005829-714910.png,1.0,6.54,6.02,1.0
91319627,005908-714716.png,0.0,6.48,6.39,1.0
91319628,010031-723337.png,0.0,6.87,6.17,1.0
91319630,010038-712900.png,0.0,6.48,6.23,1.0
91319631,010055-723657.png,1.0,6.53,6.32,1.0
91319633,010111-712638.png,1.0,7.52,6.7,0.0
91319634,010117-714816.png,1.0,6.23,6.05,1.0
91319635,010200-723651.png,0.0,6.88,6.23,1.0
91319636,010212-721901.png,1.0,6.49,6.23,1.0
91319638,010216-712529.png,1.0,6.52,6.2,1.0
91319639,010240-713117.png,0.0,6.45,5.91,1.0
91319641,010244-715332.png,0.0,6.92,6.45,1.0
91319642,010310-714600.png,1.0,6.7,6.27,1.0
91319644,010344-715938.png,1.0,6.7,6.32,1.0
91319646,010406-720758.png,0.0,6.87,6.06,1.0
91319647,010416-724144.png,0.0,6.56,5.99,1.0
91319649,010420-724242.png,0.0,7.27,6.14,1.0
91319651,010431-720726.png,0.0,6.74,6.12,1.0
91319652,010455-721911.png,1.0,6.24,6.16,1.0
91319653,010521-715655.png,0.0,6.75,6.7,1.0
91319654,010536-722055.png,0.0,6.74,5.66,1.0
91319655,010647-715339.png,0.0,7.15,6.21,1.0
91319657,010652-721839.png,0.0,6.7,6.16,1.0
91319658,010731-714813.png,0.0,6.75,6.03,1.0
91319660,010732-715327.png,0.0,6.65,5.95,1.0
91319661,010739-722320.png,1.0,6.71,6.32,1.0
91319663,010757-713611.png,0.0,7.21,6.15,1.0
91319664,011055-721804.png,0.0,7.17,6.11,1.0
91319666,005808-720339.png,0.0,6.74,6.05,1.0
91319667,005839-721439.png,0.0,6.99,6.14,1.0
91319669,005953-723342.png,0.0,7.01,6.43,1.0
91319671,010013-723812.png,0.0,7.74,6.9,0.0
91319672,010016-712600.png,0.0,7.11,6.71,1.0
91319674,010026-722105.png,1.0,7.39,6.16,1.0
91319675,010028-715201.png,1.0,8.38,6.12,0.0
91319677,010046-715911.png,1.0,6.59,6.42,1.0
91319678,010113-714652.png,1.0,7.87,7.78,0.0
91319680,010236-714526.png,0.0,6.54,6.04,1.0
91319682,010237-720323.png,0.0,6.11,5.94,1.0
91319684,010328-723912.png,0.0,6.95,6.25,1.0
91319686,010408-715354.png,0.0,7.05,5.99,1.0
91319687,010415-720005.png,1.0,7.03,6.99,0.0
91319689,010439-713141.png,0.0,8.62,7.12,0.0
91319691,010603-724124.png,1.0,9.81,7.76,0.0
91319692,010606-715251.png,1.0,6.52,6.37,1.0
91319693,010611-721510.png,0.0,6.7,5.97,1.0
91319695,010640-720310.png,1.0,7.46,6.86,0.0
91319696,010657-713732.png,0.0,6.78,6.09,1.0
91319698,010700-720800.png,0.0,6.64,6.15,1.0
91319700,010738-713454.png,0.0,6.82,5.58,1.0
91319701,010745-723357.png,0.0,6.91,5.87,1.0
91319703,010752-721018.png,0.0,6.45,6.18,1.0
91319704,010812-714831.png,0.0,6.69,6.18,1.0
91319705,010843-721903.png,0.0,6.43,6.03,1.0
91319706,010845-713815.png,1.0,6.56,5.71,1.0
91319707,010919-713112.png,1.0,6.55,6.25,1.0
91319708,010930-714230.png,1.0,8.04,7.65,0.0
91319709,005750-723022.png,0.0,6.82,6.4,1.0
91319711,005800-713903.png,1.0,6.55,5.91,1.0
91319712,005848-720035.png,0.0,6.84,6.54,1.0
91319713,005853-720327.png,0.0,6.68,6.0,1.0
91319714,005940-722359.png,0.0,6.45,6.21,1.0
91319715,005942-714837.png,0.0,6.85,6.26,1.0
91319717,005955-722657.png,0.0,7.1,5.88,1.0
91319718,010035-724056.png,1.0,6.85,6.35,1.0
91319719,010038-712643.png,1.0,6.97,6.37,1.0
91319720,010111-721900.png,0.0,8.15,6.07,0.0
91319722,010150-721833.png,0.0,6.56,6.44,1.0
91319724,010153-721416.png,1.0,6.56,6.2,1.0
91319726,010215-713558.png,1.0,6.78,5.93,1.0
91319727,010225-714722.png,1.0,6.87,5.94,1.0
91319729,010231-712545.png,0.0,6.78,6.27,1.0
91319730,010359-720204.png,0.0,6.58,6.45,1.0
91319732,010521-712744.png,1.0,6.78,5.67,1.0
91319733,010603-712658.png,0.0,7.43,6.1,1.0
91319735,010639-721818.png,0.0,7.89,6.97,0.0
91319737,010651-722213.png,1.0,6.34,6.21,1.0
91319739,010717-714650.png,0.0,6.25,5.93,1.0
91319741,010722-714937.png,1.0,6.67,5.94,1.0
91319743,010737-713502.png,0.0,11.07,10.63,0.0
91319744,010744-723024.png,1.0,6.87,6.21,1.0
91319745,010750-714509.png,0.0,6.73,6.08,1.0
91319746,010838-722622.png,1.0,6.83,6.14,1.0
91319748,011022-715553.png,0.0,7.11,6.03,1.0
91319749,011143-714557.png,0.0,7.14,6.41,1.0
91319751,011214-715102.png,1.0,6.62,6.34,1.0
91319753,011238-715551.png,1.0,6.38,6.17,1.0
91319754,005506-715235.png,0.0,6.54,5.97,1.0
91319755,005544-715326.png,1.0,6.55,6.28,1.0
91319757,005600-720109.png,0.0,6.81,6.22,1.0
91319758,005607-720003.png,0.0,6.75,6.57,1.0
91319760,005704-713124.png,1.0,6.48,5.77,1.0
91319761,005814-712736.png,1.0,6.37,6.24,1.0
91319763,005824-720038.png,0.0,6.65,5.87,1.0
91319764,005842-712856.png,0.0,6.79,6.22,1.0
91319766,005911-712658.png,0.0,7.14,5.92,1.0
91319768,005914-722233.png,1.0,6.77,6.31,1.0
91319770,010012-720150.png,0.0,7.07,6.39,1.0
91319772,010023-712206.png,1.0,6.94,6.22,1.0
91319773,010023-712452.png,1.0,6.31,5.75,1.0
91319775,010132-720726.png,0.0,7.01,5.99,1.0
91319776,010137-714421.png,1.0,6.95,5.85,1.0
91319778,010148-715540.png,1.0,6.67,6.33,1.0
91319780,010210-721253.png,1.0,6.63,6.43,1.0
91319781,010334-715721.png,1.0,6.29,5.99,1.0
91319782,010435-720502.png,0.0,6.9,6.19,1.0
91319783,010501-712234.png,1.0,7.16,6.1,1.0
91319785,010541-720338.png,0.0,7.79,6.55,0.0
91319786,010633-721652.png,0.0,7.04,5.83,1.0
91319788,010706-722245.png,0.0,6.82,6.45,1.0
91319790,010708-721950.png,0.0,6.3,5.81,1.0
91319792,010720-715102.png,0.0,7.17,6.23,1.0
91319793,010751-714015.png,1.0,6.79,6.25,1.0
91319795,010809-720913.png,0.0,6.94,6.67,1.0
91319797,010813-721144.png,0.0,7.03,6.25,1.0
91319798,010853-723600.png,1.0,6.3,6.07,1.0
91319800,010913-722041.png,0.0,6.94,6.65,1.0
91319801,011103-720050.png,0.0,6.76,6.21,1.0
91319803,005523-714403.png,1.0,6.65,6.13,1.0
91319805,005710-715144.png,1.0,6.92,6.07,1.0
91319806,005728-720347.png,0.0,7.07,5.72,1.0
91319808,005732-721302.png,0.0,6.82,6.05,1.0
91319809,005812-714718.png,1.0,7.01,6.17,1.0
91319810,005905-722824.png,0.0,6.77,5.95,1.0
91319811,010018-721558.png,1.0,6.36,6.05,1.0
91319813,010109-723553.png,0.0,7.16,6.35,1.0
91319815,010114-722906.png,1.0,6.38,5.82,1.0
91319817,010133-715225.png,0.0,6.62,6.5,1.0
91319818,010154-714541.png,1.0,6.62,5.85,1.0
91319820,010225-714033.png,1.0,7.06,6.41,1.0
91319821,010249-715319.png,0.0,7.5,6.5,0.0
91319822,010253-721224.png,1.0,6.66,6.37,1.0
91319824,010258-720348.png,0.0,7.09,6.07,1.0
91319825,010307-714953.png,0.0,7.01,6.58,1.0
91319826,010309-713729.png,1.0,6.51,5.94,1.0
91319828,010401-712410.png,1.0,6.83,5.79,1.0
91319829,010401-712457.png,1.0,7.02,6.07,1.0
91319830,010441-713123.png,0.0,6.91,6.08,1.0
91319832,010633-712835.png,0.0,6.48,6.29,1.0
91319833,010713-723210.png,1.0,6.86,6.15,1.0
91319835,010741-715312.png,0.0,6.67,6.38,1.0
91319836,010809-713419.png,0.0,7.65,6.65,0.0
91319838,010809-713531.png,0.0,7.19,5.61,1.0
91319840,010825-715145.png,1.0,6.31,5.45,1.0
91319842,010908-722003.png,0.0,6.68,6.43,1.0
91319843,010909-715050.png,1.0,6.74,5.78,1.0
91319844,010914-722940.png,0.0,6.69,6.29,1.0
91319846,005652-713607.png,1.0,7.03,6.03,1.0
91319848,005726-713957.png,0.0,6.29,5.94,1.0
91319849,005811-723115.png,0.0,7.63,7.23,0.0
91319850,005832-720205.png,0.0,6.51,5.65,1.0
91319852,010056-714347.png,1.0,7.05,6.95,0.0
91319853,010114-720754.png,1.0,6.51,5.69,1.0
91319854,010123-715918.png,0.0,8.39,6.44,0.0
91319855,010154-712722.png,1.0,9.13,8.49,0.0
91319856,010207-714854.png,1.0,6.87,6.26,1.0
91319858,010224-721018.png,1.0,6.67,6.27,1.0
91319859,010233-713634.png,1.0,7.73,6.63,0.0
91319860,010247-721836.png,0.0,6.99,5.87,1.0
91319861,010321-721345.png,0.0,7.11,6.02,1.0
91319862,010443-721326.png,1.0,6.8,6.28,1.0
91319863,010443-721830.png,0.0,7.54,6.51,0.0
91319864,010451-715320.png,0.0,7.46,6.35,1.0
91319865,010538-715853.png,0.0,7.58,6.27,1.0
91319867,010541-722116.png,1.0,7.48,6.67,0.0
91319868,010542-721732.png,1.0,7.04,6.38,1.0
91319869,010546-721657.png,1.0,7.64,6.05,1.0
91319870,010557-714606.png,0.0,6.74,6.12,1.0
91319872,010658-721416.png,0.0,6.63,6.33,1.0
91319873,010712-721009.png,0.0,6.88,5.99,1.0
91319874,010803-712555.png,0.0,7.63,6.2,1.0
91319875,010838-721857.png,0.0,10.4,9.58,0.0
91319876,010901-713316.png,0.0,7.2,5.78,1.0
91319878,010901-722242.png,0.0,6.66,6.44,1.0
91319879,010921-722038.png,1.0,7.07,6.15,1.0
91319880,010958-722133.png,0.0,7.48,7.06,0.0
91319882,011145-714558.png,0.0,6.82,6.02,1.0
91319883,005702-721012.png,1.0,7.8,5.61,1.0
91319885,005730-723224.png,0.0,6.98,6.04,1.0
91319886,005846-722946.png,1.0,6.35,5.9,1.0
91319888,005944-715532.png,0.0,7.78,6.07,1.0
91319889,010039-722801.png,1.0,6.42,6.02,1.0
91319891,010216-723706.png,0.0,6.58,5.78,1.0
91319892,010231-720259.png,0.0,8.27,6.71,0.0
91319894,010345-722606.png,1.0,8.67,6.56,0.0
91319895,010405-724344.png,0.0,8.72,6.69,0.0
91319897,010445-722204.png,0.0,6.86,6.15,1.0
91319899,010508-714634.png,0.0,10.66,6.2,0.0
91319900,010539-722610.png,0.0,17.27,14.15,0.0
91319902,010614-721810.png,0.0,9.72,6.51,0.0
91319903,010643-714145.png,1.0,10.6,6.26,0.0
91319905,010725-720343.png,1.0,18.26,9.42,0.0
91319906,010728-720711.png,1.0,18.18,13.06,0.0
91319907,010810-715159.png,1.0,10.88,6.41,0.0
91319909,010841-712750.png,0.0,16.95,11.93,0.0
91319910,010923-722209.png,1.0,28.48,23.94,0.0
91319912,010931-713456.png,0.0,20.73,18.61,0.0
91319913,010951-722135.png,0.0,16.2,9.76,0.0
91321152,011736-733217.png,0.0,6.95,6.28,1.0
91321153,011743-733454.png,1.0,6.82,6.3,1.0
91321154,011755-732543.png,0.0,6.71,6.13,1.0
91321155,011822-732015.png,1.0,6.76,6.05,1.0
91321156,011825-731757.png,0.0,8.1,6.86,0.0
91321157,011828-732453.png,0.0,8.91,7.31,0.0
91321159,011842-733528.png,1.0,9.65,6.89,0.0
91321160,011851-733045.png,0.0,7.5,6.43,1.0
91321161,011857-735404.png,1.0,7.18,6.2,1.0
91321162,011859-731214.png,1.0,6.58,6.22,1.0
91321163,011923-732535.png,1.0,6.66,6.21,1.0
91321164,011927-735125.png,0.0,6.67,6.24,1.0
91321165,011929-732527.png,1.0,10.02,7.96,0.0
91321166,011930-732906.png,0.0,6.91,6.27,1.0
91321168,011932-734847.png,0.0,6.7,6.26,1.0
91321169,011937-733039.png,1.0,7.06,5.97,1.0
91321170,011942-733946.png,0.0,6.64,6.12,1.0
91321171,011948-734321.png,0.0,6.46,6.25,1.0
91321172,011949-732102.png,0.0,6.7,6.11,1.0
91321173,011951-733746.png,0.0,7.76,6.5,0.0
91321174,012012-732230.png,1.0,8.38,6.83,0.0
91321176,012014-733431.png,0.0,6.55,6.08,1.0
91321177,012023-732039.png,0.0,8.5,8.1,0.0
91321178,012025-732841.png,1.0,6.88,5.92,1.0
91321179,012028-740212.png,1.0,7.01,6.08,1.0
91321180,012029-734734.png,1.0,7.12,6.13,1.0
91321181,012030-733143.png,0.0,6.73,6.3,1.0
91321182,012030-735814.png,0.0,6.68,6.06,1.0
91321183,012031-730511.png,1.0,6.82,6.54,1.0
91321185,012031-733542.png,0.0,6.77,6.26,1.0
91321186,012031-734129.png,1.0,6.66,6.13,1.0
91321187,012035-732244.png,0.0,6.52,6.13,1.0
91321188,012037-735648.png,0.0,6.58,6.29,1.0
91321190,012038-735522.png,1.0,7.3,6.11,1.0
91321191,012040-733154.png,1.0,6.95,6.49,1.0
91321192,012042-734937.png,1.0,6.67,6.35,1.0
91321193,012048-733514.png,0.0,6.59,6.1,1.0
91321194,012053-735800.png,1.0,7.15,5.94,1.0
91321195,012054-733853.png,0.0,7.01,6.15,1.0
91321196,012055-733025.png,1.0,6.51,5.95,1.0
91321197,012056-731702.png,0.0,7.43,6.21,1.0
91321199,012056-733454.png,0.0,6.2,6.17,1.0
91321200,012056-734731.png,1.0,9.72,6.55,0.0
91321202,012101-733418.png,0.0,6.66,6.11,1.0
91321203,012108-730715.png,0.0,7.5,6.55,0.0
91321205,012108-732741.png,0.0,6.94,6.64,1.0
91321206,012110-731435.png,1.0,6.74,6.13,1.0
91321208,012118-734124.png,0.0,8.45,6.57,0.0
91321209,012118-734513.png,0.0,13.36,11.63,0.0
91321211,012119-731633.png,1.0,9.15,8.43,0.0
91321212,012119-735552.png,1.0,6.66,6.12,1.0
91321214,012121-734013.png,0.0,6.58,6.14,1.0
91321215,012123-732752.png,0.0,6.83,5.99,1.0
91321216,012125-733440.png,1.0,6.71,5.98,1.0
91321218,012127-740448.png,0.0,6.76,5.92,1.0
91321219,012128-732005.png,0.0,6.64,6.33,1.0
91321220,012128-733625.png,1.0,6.7,6.14,1.0
91321221,012130-732335.png,0.0,6.88,5.89,1.0
91321223,012130-732958.png,1.0,6.81,6.7,1.0
91321225,012132-732710.png,0.0,6.63,6.04,1.0
91321226,012133-732604.png,0.0,9.48,6.76,0.0
91321227,012135-735549.png,0.0,9.34,7.7,0.0
91321228,012136-735611.png,1.0,6.43,6.21,1.0
91321230,012137-732159.png,0.0,7.52,6.38,1.0
91321232,012145-731659.png,0.0,6.76,6.1,1.0
91321233,012149-740010.png,0.0,6.66,6.31,1.0
91321234,012151-740000.png,0.0,7.14,7.05,0.0
91321235,012153-740025.png,0.0,7.96,7.72,0.0
91321237,012155-733911.png,1.0,51.39,4.98,0.0
91321238,012157-735106.png,1.0,10.2,8.68,0.0
91321240,012159-731455.png,1.0,13.93,9.85,0.0
91321241,012206-732740.png,0.0,18.73,12.88,0.0
91321242,012206-735602.png,1.0,7.13,6.61,1.0
91321243,012208-731241.png,1.0,6.54,6.34,1.0
91321244,012209-740222.png,1.0,6.55,6.43,1.0
91321246,012210-732147.png,1.0,6.44,6.04,1.0
91321247,012211-730054.png,0.0,15.03,6.53,0.0
91321248,012212-731254.png,0.0,10.19,10.01,0.0
91321249,012213-733054.png,0.0,6.49,5.85,1.0
91321250,012214-730422.png,1.0,6.58,5.89,1.0
91321251,012216-731552.png,1.0,6.66,6.04,1.0
91321252,012216-731824.png,1.0,7.05,6.49,1.0
91321254,012216-732955.png,0.0,6.75,6.08,1.0
91321255,012216-733155.png,1.0,6.71,6.37,1.0
91321257,012217-733646.png,1.0,6.91,6.0,1.0
91321258,012217-734230.png,0.0,6.6,6.06,1.0
91321259,012219-732948.png,0.0,6.51,6.38,1.0
91321260,012219-733019.png,1.0,6.41,6.28,1.0
91321262,012220-730351.png,0.0,6.77,6.11,1.0
91321263,012222-734031.png,1.0,6.85,6.51,1.0
91321264,012223-734114.png,0.0,6.38,6.17,1.0
91321265,012224-731125.png,0.0,6.93,6.05,1.0
91321266,012228-735807.png,0.0,6.56,5.99,1.0
91321267,012229-735335.png,1.0,6.5,6.08,1.0
91321268,012231-732028.png,1.0,6.72,6.18,1.0
91321269,012231-734944.png,1.0,6.8,6.04,1.0
91321270,012232-733040.png,1.0,6.66,6.44,1.0
91321271,012234-731704.png,1.0,7.61,6.55,0.0
91321272,012235-725735.png,1.0,6.63,6.12,1.0
91321274,012235-733814.png,0.0,6.56,5.72,1.0
91321275,012236-731023.png,0.0,7.02,6.77,1.0
91321276,012236-733826.png,0.0,7.13,6.08,1.0
91321278,012236-734705.png,1.0,6.78,6.06,1.0
91321279,012238-731139.png,0.0,7.01,5.65,1.0
91321281,012238-735624.png,1.0,7.82,7.71,0.0
91321283,012239-741011.png,0.0,12.06,9.2,0.0
91321284,012241-732203.png,1.0,7.0,6.3,1.0
91321285,012241-735017.png,1.0,6.72,6.17,1.0
91321287,012242-735230.png,0.0,6.6,5.83,1.0
91321288,012244-733453.png,1.0,6.6,6.06,1.0
91321290,012247-732842.png,0.0,6.6,6.3,1.0
91321291,012247-735544.png,0.0,7.31,6.71,0.0
91321293,012250-740018.png,1.0,6.74,6.18,1.0
91321294,012252-732307.png,0.0,6.63,6.06,1.0
91321295,012252-735538.png,1.0,7.04,6.15,1.0
91321296,012254-731428.png,0.0,7.35,6.08,1.0
91321297,012254-732314.png,0.0,7.17,6.3,1.0
91321298,012254-733342.png,0.0,6.67,6.12,1.0
91321299,012255-732024.png,1.0,6.56,6.23,1.0
91321301,012255-735954.png,0.0,6.68,6.5,1.0
91321302,012258-733243.png,1.0,8.54,7.48,0.0
91321303,012258-735400.png,0.0,6.6,6.07,1.0
91321304,012300-734141.png,0.0,6.83,5.83,1.0
91321305,012300-735347.png,0.0,6.57,6.17,1.0
91321306,012301-732944.png,0.0,6.72,6.33,1.0
91321307,012305-732433.png,1.0,6.69,5.91,1.0
91321308,012305-735705.png,0.0,8.48,6.18,0.0
91321310,012305-740537.png,1.0,7.7,6.82,0.0
91321311,012306-733827.png,1.0,8.33,7.54,0.0
91321312,012309-730257.png,1.0,7.19,5.6,1.0
91321313,012309-733503.png,0.0,6.9,5.98,1.0
91321315,012310-734734.png,1.0,6.62,6.1,1.0
91321316,012311-732845.png,0.0,6.84,6.09,1.0
91321318,012313-731639.png,1.0,6.76,6.17,1.0
91321319,012314-734757.png,0.0,6.87,6.18,1.0
91321321,012316-740354.png,0.0,6.83,6.23,1.0
91321322,012319-734745.png,0.0,6.91,6.43,1.0
91321324,012320-733653.png,0.0,7.12,6.45,1.0
91321325,012321-725755.png,1.0,7.2,6.31,1.0
91321327,012321-734527.png,0.0,6.93,6.04,1.0
91321328,012323-732821.png,0.0,8.18,6.97,0.0
91321329,012323-733258.png,0.0,7.4,6.86,0.0
91321331,012323-733640.png,0.0,6.77,6.23,1.0
91321333,012323-734111.png,1.0,6.67,6.24,1.0
91321334,012323-735607.png,0.0,6.45,6.16,1.0
91321336,012324-740244.png,0.0,6.64,6.03,1.0
91321337,012325-733405.png,0.0,7.4,6.32,1.0
91321338,012326-733219.png,0.0,6.9,6.08,1.0
91321340,012327-731351.png,1.0,6.69,5.86,1.0
91321341,012329-740056.png,0.0,6.68,6.13,1.0
91321343,012332-733135.png,0.0,6.92,6.83,1.0
91321344,012332-734602.png,0.0,6.42,5.84,1.0
91321346,012333-732827.png,1.0,6.49,6.08,1.0
91321347,012333-733839.png,0.0,6.94,5.94,1.0
91321349,012337-733057.png,1.0,6.48,6.08,1.0
91321350,012337-733829.png,1.0,6.76,6.16,1.0
91321351,012337-734354.png,0.0,6.56,6.09,1.0
91321353,012340-731705.png,0.0,8.01,6.79,0.0
91321354,012340-732700.png,0.0,8.65,8.35,0.0
91321355,012341-730623.png,1.0,6.81,6.48,1.0
91321356,012341-732230.png,0.0,15.97,6.52,0.0
91321358,012342-730553.png,1.0,8.7,5.78,0.0
91321359,012348-735034.png,0.0,7.32,6.33,1.0
91321361,012349-732307.png,0.0,6.82,6.0,1.0
91321362,012350-735043.png,0.0,6.54,6.22,1.0
91321363,012351-740009.png,0.0,7.32,6.46,1.0
91321364,012352-733856.png,0.0,6.47,6.15,1.0
91321365,012354-725612.png,0.0,6.75,6.19,1.0
91321367,012355-733745.png,1.0,6.56,6.11,1.0
91321368,012356-740954.png,1.0,6.79,5.98,1.0
91321370,012357-735743.png,1.0,6.63,6.1,1.0
91321371,012400-733347.png,1.0,6.78,5.82,1.0
91321372,012402-740502.png,1.0,6.91,6.47,1.0
91321374,012403-740617.png,1.0,6.97,6.14,1.0
91321375,012407-732442.png,0.0,6.67,6.19,1.0
91321377,012408-730905.png,0.0,7.03,6.22,1.0
91321378,012408-733747.png,1.0,6.86,6.17,1.0
91321379,012409-725815.png,1.0,6.85,6.34,1.0
91321380,012411-740233.png,1.0,6.87,6.34,1.0
91321382,012411-741017.png,1.0,6.67,6.13,1.0
91321383,012414-733259.png,1.0,7.22,6.84,0.0
91321385,012415-732701.png,1.0,6.51,6.05,1.0
91321386,012415-733058.png,0.0,6.66,5.86,1.0
91321387,012415-734120.png,0.0,6.54,6.08,1.0
91321388,012416-725413.png,1.0,7.16,6.08,1.0
91321389,012416-734102.png,0.0,6.82,6.23,1.0
91321391,012424-740418.png,1.0,6.69,6.24,1.0
91321392,012426-731846.png,0.0,8.81,6.74,0.0
91321393,012428-732958.png,1.0,7.16,6.24,1.0
91321394,012430-734618.png,1.0,7.56,6.81,0.0
91321396,012434-735144.png,0.0,6.62,6.2,1.0
91321397,012436-740645.png,1.0,6.99,5.99,1.0
91321398,012437-733504.png,0.0,7.8,5.93,1.0
91321400,012437-734447.png,1.0,6.97,6.11,1.0
91321401,012437-740336.png,1.0,7.0,6.48,1.0
91321403,012438-734158.png,0.0,6.86,6.08,1.0
91321404,012439-732336.png,1.0,6.62,6.02,1.0
91321406,012441-725908.png,1.0,6.5,6.0,1.0
91321407,012441-740210.png,1.0,7.04,6.2,1.0
91321409,012443-732937.png,1.0,7.04,6.19,1.0
91321410,012444-735324.png,0.0,6.57,6.19,1.0
91321412,012444-741034.png,1.0,7.51,7.04,0.0
91321414,012445-740248.png,0.0,6.62,6.03,1.0
91321415,012448-734214.png,0.0,7.11,6.11,1.0
91321417,012448-734949.png,0.0,7.31,6.82,0.0
91321418,012449-741323.png,1.0,8.74,8.6,0.0
91321420,012452-734549.png,0.0,7.07,6.17,1.0
91321421,012456-730518.png,0.0,6.63,6.48,1.0
91321423,012457-733118.png,1.0,7.39,6.73,0.0
91321424,012458-741118.png,0.0,6.53,6.45,1.0
91321426,012459-733707.png,0.0,6.76,6.11,1.0
91321428,012500-733538.png,1.0,6.78,6.17,1.0
91321429,012502-732016.png,1.0,6.46,6.15,1.0
91321430,012502-734022.png,0.0,6.97,6.62,1.0
91321432,012503-740405.png,1.0,8.87,7.8,0.0
91321433,012504-725405.png,0.0,6.55,6.1,1.0
91321435,012506-741229.png,1.0,6.8,6.16,1.0
91321436,012507-733254.png,0.0,6.81,6.12,1.0
91321438,012509-732749.png,1.0,6.77,6.0,1.0
91321439,012509-734442.png,1.0,7.05,6.19,1.0
91321441,012510-725555.png,1.0,6.62,6.05,1.0
91321442,012510-732658.png,0.0,7.81,6.81,0.0
91321444,012510-733049.png,0.0,7.11,6.14,1.0
91321445,012514-725908.png,1.0,7.46,6.38,1.0
91321446,012517-731643.png,0.0,7.6,6.99,0.0
91321448,012518-725643.png,1.0,7.45,6.87,0.0
91321449,012518-731631.png,0.0,6.77,6.04,1.0
91321451,012519-733954.png,1.0,7.7,6.62,0.0
91321452,012519-734822.png,0.0,6.79,6.11,1.0
91321454,012520-734919.png,1.0,6.93,6.12,1.0
91321455,012522-730523.png,1.0,6.74,6.23,1.0
91321457,012522-733331.png,1.0,6.41,6.26,1.0
91321458,012525-735329.png,1.0,6.57,6.11,1.0
91321459,012526-740124.png,0.0,6.88,6.57,1.0
91321460,012527-733200.png,0.0,7.46,7.08,0.0
91321461,012528-734057.png,1.0,6.48,5.99,1.0
91321463,012531-732939.png,0.0,7.93,6.86,0.0
91321464,012533-732917.png,0.0,6.94,6.38,1.0
91321466,012533-735643.png,0.0,6.75,6.07,1.0
91321467,012534-733146.png,0.0,6.72,6.01,1.0
91321470,012536-735632.png,0.0,6.47,6.12,1.0
91321471,012537-725339.png,1.0,6.84,6.2,1.0
91321472,012539-732949.png,0.0,6.69,6.06,1.0
91321474,012540-734644.png,0.0,6.7,6.29,1.0
91321475,012541-732951.png,0.0,6.69,6.05,1.0
91321477,012542-733111.png,0.0,9.14,7.83,0.0
91321478,012542-734353.png,0.0,11.59,7.22,0.0
91321479,012544-725646.png,0.0,6.61,6.44,1.0
91321481,012544-725818.png,1.0,6.92,6.12,1.0
91321482,012544-740608.png,0.0,6.84,6.25,1.0
91321483,012546-725108.png,0.0,6.73,5.88,1.0
91321484,012546-731612.png,0.0,6.66,6.07,1.0
91321486,012546-734314.png,0.0,6.81,5.92,1.0
91321487,012546-735421.png,1.0,6.56,6.15,1.0
91321488,012547-725637.png,0.0,6.64,6.05,1.0
91321490,012547-731601.png,0.0,8.4,6.07,0.0
91321491,012549-732601.png,1.0,6.74,5.95,1.0
91321492,012549-740007.png,0.0,7.17,6.7,1.0
91321493,012550-731319.png,1.0,7.76,7.31,0.0
91321494,012550-732717.png,1.0,6.5,6.07,1.0
91321495,012552-725304.png,1.0,6.95,6.16,1.0
91321496,012552-730407.png,0.0,6.66,5.97,1.0
91321497,012553-733955.png,0.0,7.16,6.14,1.0
91321498,012553-734440.png,1.0,6.39,6.13,1.0
91321500,012553-740013.png,0.0,6.66,5.79,1.0
91321501,012555-730041.png,1.0,6.45,6.1,1.0
91321502,012555-730541.png,1.0,6.9,6.35,1.0
91321503,012556-735700.png,0.0,8.4,7.0,0.0
91321504,012557-735849.png,1.0,11.92,8.43,0.0
91321505,012559-735421.png,0.0,7.01,6.6,1.0
91321506,012559-735900.png,0.0,6.63,6.05,1.0
91321508,012601-735413.png,0.0,8.24,6.9,0.0
91321509,012604-725041.png,1.0,7.68,6.81,0.0
91321510,012607-733934.png,0.0,8.06,5.89,1.0
91321512,012608-725413.png,0.0,7.2,6.6,1.0
91321513,012608-732402.png,0.0,10.56,8.59,0.0
91321515,012608-741045.png,0.0,8.12,7.17,0.0
91321516,012612-740024.png,1.0,9.46,8.64,0.0
91321518,012613-731351.png,0.0,7.64,6.21,1.0
91321519,012615-730806.png,0.0,6.78,5.9,1.0
91321521,012616-732502.png,0.0,6.75,6.11,1.0
91321523,012617-733234.png,1.0,6.92,5.92,1.0
91321524,012617-733745.png,0.0,7.12,6.07,1.0
91321526,012618-731250.png,0.0,6.76,6.04,1.0
91321527,012619-730735.png,0.0,6.65,6.03,1.0
91321529,012620-732351.png,0.0,6.65,6.23,1.0
91321530,012623-732929.png,1.0,7.27,7.26,0.0
91321531,012624-732520.png,1.0,6.8,6.31,1.0
91321532,012624-733202.png,0.0,6.82,6.63,1.0
91321534,012626-731022.png,1.0,6.6,6.05,1.0
91321535,012629-732715.png,0.0,6.85,5.97,1.0
91321536,012631-731607.png,1.0,6.71,6.07,1.0
91321537,012633-731855.png,1.0,6.68,5.93,1.0
91321538,012633-733943.png,1.0,14.46,12.5,0.0
91321539,012634-733521.png,0.0,6.94,6.23,1.0
91321540,012635-732007.png,1.0,6.87,6.72,1.0
91321541,012636-734934.png,1.0,6.65,6.02,1.0
91321542,012636-740405.png,0.0,6.81,5.88,1.0
91321543,012637-730333.png,0.0,6.84,6.06,1.0
91321545,012637-731749.png,0.0,8.09,7.44,0.0
91321546,012639-731503.png,0.0,9.33,7.85,0.0
91321547,012642-733821.png,0.0,6.8,6.62,1.0
91321549,012643-735553.png,0.0,7.64,6.63,0.0
91321550,012643-740315.png,0.0,6.71,6.09,1.0
91321551,012646-733007.png,0.0,6.75,6.1,1.0
91321552,012647-733908.png,0.0,6.45,6.23,1.0
91321554,012647-734320.png,0.0,7.02,6.11,1.0
91321555,012648-732127.png,1.0,6.67,5.99,1.0
91321557,012648-733115.png,1.0,7.38,6.92,0.0
91321558,012649-731633.png,0.0,7.99,6.0,1.0
91321560,012649-731930.png,0.0,6.91,5.98,1.0
91321561,012649-740312.png,0.0,8.08,6.96,0.0
91321563,012650-732548.png,0.0,6.8,6.47,1.0
91321564,012651-735303.png,0.0,8.7,7.64,0.0
91321566,012652-731745.png,1.0,6.84,5.86,1.0
91321567,012652-735256.png,0.0,7.03,6.42,1.0
91321569,012652-740305.png,0.0,6.9,6.07,1.0
91321570,012652-740416.png,1.0,7.06,6.16,1.0
91321571,012653-734335.png,1.0,6.52,6.2,1.0
91321572,012654-731803.png,0.0,7.33,6.08,1.0
91321573,012654-740345.png,0.0,6.91,5.82,1.0
91321575,012655-733413.png,1.0,6.78,6.06,1.0
91321576,012656-732041.png,1.0,6.56,6.08,1.0
91321578,012701-734559.png,0.0,6.63,6.15,1.0
91321579,012702-734323.png,0.0,11.47,6.87,0.0
91321581,012703-733251.png,1.0,14.53,12.85,0.0
91321582,012703-734611.png,0.0,6.44,6.04,1.0
91321584,012704-734512.png,0.0,6.76,5.92,1.0
91321585,012705-725554.png,1.0,7.71,6.13,1.0
91321587,012705-731834.png,0.0,6.5,5.99,1.0
91321588,012705-732552.png,1.0,6.74,6.05,1.0
91321590,012706-731328.png,0.0,7.14,6.39,1.0
91321591,012706-735535.png,1.0,6.94,6.06,1.0
91321593,012711-730940.png,0.0,6.54,5.85,1.0
91321594,012711-734123.png,0.0,6.57,6.01,1.0
91321596,012712-735905.png,1.0,7.59,5.86,1.0
91321597,012713-725417.png,1.0,6.87,6.02,1.0
91321599,012713-730645.png,0.0,6.5,6.24,1.0
91321600,012714-725809.png,1.0,6.59,6.01,1.0
91321602,012715-732155.png,0.0,6.57,5.23,1.0
91321603,012716-725449.png,0.0,9.2,6.88,0.0
91321605,012717-734502.png,0.0,6.74,6.34,1.0
91321606,012717-735749.png,0.0,6.49,6.24,1.0
91321608,012717-740424.png,1.0,6.59,6.02,1.0
91321609,012719-732252.png,0.0,9.92,6.33,0.0
91321611,012720-733747.png,1.0,7.08,6.0,1.0
91321612,012721-734221.png,0.0,6.6,6.48,1.0
91321613,012722-740205.png,1.0,7.13,6.5,1.0
91321614,012727-734759.png,0.0,7.88,6.69,0.0
91321616,012729-725836.png,1.0,6.7,6.11,1.0
91321617,012729-734059.png,0.0,7.91,6.5,0.0
91321619,012730-732645.png,0.0,6.53,6.04,1.0
91321621,012730-733239.png,0.0,6.63,6.12,1.0
91321623,012735-732150.png,0.0,7.83,6.15,1.0
91321624,012737-732639.png,1.0,7.25,5.88,1.0
91321625,012737-732707.png,1.0,6.81,5.65,1.0
91321626,012739-740028.png,1.0,8.46,6.56,0.0
91321628,012740-733146.png,0.0,6.81,6.09,1.0
91321629,012741-731632.png,0.0,6.81,6.26,1.0
91321630,012748-732016.png,1.0,6.46,6.07,1.0
91321631,012749-732236.png,0.0,6.84,5.96,1.0
91321633,012751-734731.png,1.0,7.23,6.12,1.0
91321634,012752-731051.png,0.0,6.59,6.08,1.0
91321636,012752-731104.png,0.0,13.52,9.79,0.0
91321637,012753-731118.png,0.0,6.89,6.46,1.0
91321639,012754-730447.png,0.0,6.76,6.0,1.0
91321640,012755-735420.png,0.0,6.72,6.7,1.0
91321642,012756-731717.png,0.0,6.79,6.12,1.0
91321643,012758-732749.png,0.0,6.87,5.86,1.0
91321645,012759-735007.png,1.0,8.12,5.92,1.0
91321646,012801-732649.png,0.0,7.38,6.76,0.0
91321647,012802-732524.png,1.0,6.92,6.04,1.0
91321649,012803-734315.png,1.0,7.14,6.2,1.0
91321651,012803-740721.png,1.0,6.72,6.0,1.0
91321652,012804-732300.png,0.0,7.19,6.02,1.0
91321654,012804-741105.png,0.0,6.78,6.08,1.0
91321655,012804-741121.png,0.0,6.86,6.6,1.0
91321656,012807-734937.png,1.0,7.24,6.03,1.0
91321657,012811-730652.png,1.0,6.23,6.17,1.0
91321659,012812-734806.png,0.0,6.87,6.29,1.0
91321660,012812-741038.png,1.0,6.59,5.8,1.0
91321661,012813-730901.png,1.0,6.63,5.7,1.0
91321662,012813-732651.png,1.0,6.88,5.64,1.0
91321663,012813-734435.png,1.0,6.75,6.13,1.0
91321665,012814-725111.png,1.0,7.04,5.96,1.0
91321666,012814-730256.png,1.0,6.47,6.15,1.0
91321667,012815-730800.png,0.0,7.34,6.77,0.0
91321668,012816-730056.png,0.0,8.38,7.27,0.0
91321669,012816-732540.png,0.0,11.96,8.53,0.0
91321671,012816-741148.png,1.0,6.75,6.05,1.0
91321672,012817-733736.png,1.0,6.66,6.03,1.0
91321673,012818-732739.png,1.0,8.18,6.97,0.0
91321674,012818-732935.png,0.0,12.52,6.62,0.0
91321675,012819-725748.png,1.0,8.56,8.46,0.0
91321677,012820-741313.png,1.0,9.25,8.92,0.0
91321678,012824-733012.png,0.0,7.81,6.2,1.0
91321679,012824-735715.png,0.0,6.78,5.92,1.0
91321680,012825-741115.png,1.0,6.78,6.0,1.0
91321681,012828-732758.png,1.0,6.6,6.11,1.0
91321682,012829-725416.png,1.0,7.69,5.97,1.0
91321684,012829-734143.png,0.0,7.91,6.17,0.0
91321685,012829-734430.png,1.0,6.45,6.31,1.0
91321686,012829-740138.png,0.0,6.53,6.22,1.0
91321687,012829-740836.png,0.0,6.75,6.13,1.0
91321688,012830-734315.png,0.0,6.81,6.19,1.0
91321689,012831-731657.png,1.0,6.82,5.98,1.0
91321690,012831-733815.png,0.0,6.65,6.01,1.0
91321691,012831-740350.png,0.0,6.76,6.17,1.0
91321692,012832-730851.png,0.0,6.87,6.65,1.0
91321694,012832-740908.png,0.0,9.46,9.2,0.0
91321695,012834-733545.png,0.0,10.89,8.84,0.0
91321696,012837-732755.png,1.0,10.49,8.84,0.0
91321697,012838-732626.png,0.0,6.73,6.2,1.0
91321698,012838-740923.png,1.0,6.85,6.01,1.0
91321699,012839-740154.png,0.0,6.75,6.02,1.0
91321702,012841-730424.png,1.0,7.22,6.05,1.0
91321703,012842-725210.png,0.0,7.78,7.29,0.0
91321705,012842-740458.png,0.0,6.89,6.07,1.0
91321706,012843-730635.png,0.0,7.12,6.15,1.0
91321707,012847-734729.png,1.0,6.63,5.94,1.0
91321708,012848-731404.png,0.0,6.7,6.06,1.0
91321710,012852-725840.png,1.0,6.63,6.22,1.0
91321711,012853-725307.png,1.0,6.72,5.9,1.0
91321712,012853-740013.png,0.0,6.73,6.24,1.0
91321713,012855-732841.png,1.0,8.13,7.91,0.0
91321714,012855-740602.png,1.0,6.6,6.13,1.0
91321715,012856-725955.png,1.0,6.7,6.19,1.0
91321717,012857-730748.png,1.0,6.87,6.71,1.0
91321718,012857-734642.png,1.0,6.58,6.01,1.0
91321720,012857-735018.png,0.0,6.83,6.34,1.0
91321721,012858-725444.png,1.0,6.49,6.12,1.0
91321723,012900-730913.png,1.0,6.54,6.2,1.0
91321725,012901-725400.png,0.0,6.87,6.0,1.0
91321726,012901-735018.png,0.0,7.6,6.21,1.0
91321728,012902-731256.png,1.0,7.34,6.91,0.0
91321729,012905-731841.png,1.0,6.69,5.85,1.0
91321731,012905-734228.png,0.0,6.55,5.77,1.0
91321732,012907-731558.png,1.0,6.61,6.1,1.0
91321734,012908-732528.png,0.0,7.05,6.03,1.0
91321735,012909-731535.png,1.0,9.96,6.43,0.0
91321737,012910-735541.png,0.0,7.22,6.19,1.0
91321738,012911-731331.png,0.0,6.64,6.02,1.0
91321740,012911-732131.png,0.0,6.39,6.25,1.0
91321741,012913-730247.png,0.0,6.7,6.0,1.0
91321743,012913-730902.png,1.0,6.6,6.41,1.0
91321744,012913-731342.png,1.0,6.58,6.11,1.0
91321745,012914-734757.png,1.0,6.68,5.99,1.0
91321746,012915-732257.png,1.0,7.07,5.8,1.0
91321748,012916-731459.png,1.0,8.22,7.01,0.0
91321749,012916-731848.png,1.0,6.59,6.04,1.0
91321751,012918-730046.png,1.0,6.73,5.85,1.0
91321752,012918-735944.png,0.0,9.31,6.23,0.0
91321754,012919-725514.png,1.0,6.42,5.99,1.0
91321755,012919-730612.png,1.0,6.57,6.12,1.0
91321757,012920-740615.png,1.0,7.27,6.44,1.0
91321758,012922-735148.png,1.0,7.26,6.14,1.0
91321759,012922-735312.png,0.0,6.58,5.95,1.0
91321761,012924-733153.png,0.0,6.62,5.99,1.0
91321762,012926-735713.png,1.0,6.47,6.37,1.0
91321764,012927-731353.png,1.0,6.81,6.64,1.0
91321765,012928-730648.png,0.0,6.97,5.78,1.0
91321767,012930-733311.png,0.0,6.94,6.0,1.0
91321768,012930-734838.png,1.0,6.5,6.21,1.0
91321770,012932-735221.png,1.0,6.82,6.08,1.0
91321771,012932-740947.png,1.0,6.32,6.03,1.0
91321774,012934-734732.png,0.0,6.65,6.06,1.0
91321775,012934-740156.png,0.0,6.95,6.07,1.0
91321777,012938-730705.png,0.0,6.81,5.82,1.0
91321778,012939-730456.png,1.0,7.56,6.53,0.0
91321780,012940-740745.png,0.0,6.55,5.75,1.0
91321781,012941-731331.png,0.0,6.69,6.6,1.0
91321783,012943-725833.png,0.0,6.93,6.61,1.0
91321784,012943-730551.png,1.0,6.63,6.47,1.0
91321786,012945-725500.png,1.0,6.23,6.05,1.0
91321787,012945-734238.png,1.0,6.71,6.21,1.0
91321788,012945-734320.png,1.0,6.66,6.16,1.0
91321789,012946-730511.png,1.0,6.69,5.93,1.0
91321790,012947-731303.png,0.0,7.21,6.13,1.0
91321791,012948-731935.png,0.0,6.8,6.48,1.0
91321793,012949-733709.png,0.0,7.2,6.04,1.0
91321795,012950-733925.png,0.0,6.55,5.98,1.0
91321796,012954-734322.png,0.0,6.64,6.05,1.0
91321798,012955-730608.png,1.0,8.27,6.78,0.0
91321800,012955-732057.png,0.0,6.67,6.0,1.0
91321801,012956-740155.png,0.0,7.17,7.07,0.0
91321802,012958-731015.png,0.0,7.65,6.22,1.0
91321804,012958-735416.png,1.0,7.22,6.1,1.0
91321806,013000-731425.png,1.0,8.96,7.28,0.0
91321807,013001-730406.png,1.0,6.47,5.8,1.0
91321809,013001-732409.png,0.0,7.56,5.88,1.0
91321810,013002-730307.png,1.0,6.8,6.01,1.0
91321812,013002-733950.png,1.0,6.42,5.96,1.0
91321813,013003-730556.png,1.0,7.51,5.91,1.0
91321814,013004-735236.png,1.0,6.66,6.01,1.0
91321816,013005-725415.png,1.0,6.57,6.01,1.0
91321817,013009-735618.png,1.0,6.75,6.02,1.0
91321819,013010-732210.png,1.0,6.65,6.26,1.0
91321820,013011-740924.png,1.0,6.83,5.87,1.0
91321822,013012-735701.png,1.0,6.97,6.15,1.0
91321823,013013-731158.png,1.0,6.84,6.02,1.0
91321825,013015-731628.png,0.0,6.57,6.06,1.0
91321826,013017-730354.png,1.0,6.6,6.05,1.0
91321828,013020-733957.png,0.0,6.91,5.82,1.0
91321829,013021-730258.png,1.0,6.66,5.91,1.0
91321831,013022-732039.png,0.0,7.13,6.5,1.0
91321832,013022-734920.png,0.0,6.39,5.97,1.0
91321834,013024-730708.png,1.0,6.6,6.47,1.0
91321835,013025-731122.png,0.0,6.66,6.14,1.0
91321837,013025-732056.png,1.0,7.7,6.84,0.0
91321838,013025-740800.png,1.0,8.64,6.4,0.0
91321840,013027-732426.png,1.0,7.01,6.01,1.0
91321841,013031-730820.png,1.0,6.74,6.0,1.0
91321843,013032-731741.png,0.0,6.69,5.99,1.0
91321844,013033-733256.png,0.0,11.95,9.03,0.0
91321846,013033-735409.png,0.0,6.76,6.0,1.0
91321847,013034-733344.png,0.0,6.85,6.51,1.0
91321849,013036-740204.png,1.0,7.58,6.26,1.0
91321850,013040-734632.png,0.0,6.95,6.08,1.0
91321852,013041-735053.png,0.0,7.3,6.31,1.0
91321853,013042-731002.png,1.0,6.8,5.99,1.0
91321854,013043-733925.png,0.0,10.57,5.99,0.0
91321855,013044-735559.png,0.0,18.73,10.45,0.0
91321857,013045-730517.png,1.0,19.23,6.98,0.0
91321858,013045-740737.png,1.0,7.14,6.84,0.0
91321859,013047-735441.png,0.0,6.57,6.06,1.0
91321861,013048-733452.png,0.0,7.3,5.68,1.0
91321863,013050-730654.png,1.0,8.99,7.87,0.0
91321864,013050-734426.png,0.0,6.76,5.98,1.0
91321866,013051-735648.png,1.0,6.43,6.2,1.0
91321867,013052-731016.png,1.0,6.5,6.41,1.0
91321868,013055-725810.png,1.0,6.67,6.0,1.0
91321870,013056-735112.png,0.0,7.11,6.47,1.0
91321871,013057-733225.png,1.0,6.44,6.05,1.0
91321873,013058-730117.png,1.0,6.84,6.37,1.0
91321874,013059-733758.png,0.0,6.8,6.07,1.0
91321876,013059-734045.png,0.0,6.56,5.94,1.0
91321878,013101-731531.png,1.0,6.68,6.01,1.0
91321879,013103-734249.png,0.0,6.59,6.27,1.0
91321881,013103-740738.png,1.0,12.33,7.78,0.0
91321882,013105-741053.png,1.0,6.66,6.27,1.0
91321883,013106-731355.png,0.0,6.57,6.09,1.0
91321885,013109-733327.png,0.0,6.7,5.78,1.0
91321886,013110-735427.png,0.0,6.95,6.62,1.0
91321887,013111-731637.png,1.0,7.85,6.95,0.0
91321888,013111-731821.png,1.0,6.61,6.16,1.0
91321889,013112-740714.png,0.0,7.74,6.77,0.0
91321890,013113-731142.png,0.0,9.38,7.23,0.0
91321891,013116-725459.png,1.0,6.72,5.93,1.0
91321892,013117-730356.png,0.0,6.77,6.16,1.0
91321894,013117-731050.png,0.0,6.6,5.91,1.0
91321895,013118-730701.png,1.0,6.69,6.03,1.0
91321897,013120-740052.png,0.0,6.59,6.0,1.0
91321898,013121-725249.png,0.0,6.98,6.51,1.0
91321900,013123-740045.png,0.0,6.73,6.39,1.0
91321901,013124-735101.png,0.0,6.49,6.03,1.0
91321903,013125-740037.png,0.0,6.66,6.02,1.0
91321904,013127-734438.png,0.0,7.05,6.31,1.0
91321905,013132-735547.png,0.0,6.69,5.97,1.0
91321907,013132-740720.png,1.0,6.54,6.15,1.0
91321908,013134-733220.png,1.0,7.05,6.33,1.0
91321910,013135-733342.png,1.0,6.77,6.5,1.0
91321911,013136-732458.png,0.0,6.95,6.38,1.0
91321913,013136-735244.png,1.0,6.71,6.3,1.0
91321914,013137-734959.png,0.0,6.49,6.31,1.0
91321916,013138-732313.png,1.0,6.71,5.81,1.0
91321917,013139-733941.png,1.0,6.55,6.07,1.0
91321919,013146-730358.png,0.0,7.53,6.18,1.0
91321920,013146-740923.png,0.0,6.7,6.61,1.0
91321922,013147-732646.png,1.0,8.06,7.0,0.0
91321923,013147-732919.png,1.0,6.86,5.93,1.0
91321925,013147-734943.png,0.0,7.01,6.34,1.0
91321926,013148-731325.png,1.0,6.79,5.95,1.0
91321928,013148-735958.png,1.0,7.01,6.04,1.0
91321929,013151-725717.png,1.0,6.59,6.21,1.0
91321931,013152-734934.png,0.0,6.52,6.01,1.0
91321932,013153-734507.png,1.0,7.06,6.04,1.0
91321934,013155-730405.png,1.0,6.64,5.97,1.0
91321935,013159-734429.png,1.0,6.6,6.01,1.0
91321937,013202-735726.png,1.0,6.59,6.49,1.0
91321938,013204-734715.png,0.0,6.58,6.1,1.0
91321939,013206-730804.png,0.0,6.37,6.34,1.0
91321941,013206-732933.png,0.0,6.94,6.06,1.0
91321942,013207-730308.png,1.0,13.05,7.32,0.0
91321944,013209-732937.png,0.0,6.75,6.19,1.0
91321945,013209-734240.png,0.0,6.55,6.08,1.0
91321946,013214-740037.png,0.0,7.04,6.11,1.0
91321948,013215-733903.png,0.0,8.15,6.83,0.0
91321949,013216-732615.png,1.0,6.79,6.24,1.0
91321950,013220-731202.png,1.0,7.03,6.07,1.0
91321952,013221-733133.png,0.0,9.07,8.39,0.0
91321953,013221-733147.png,0.0,22.34,8.93,0.0
91321955,013225-734933.png,1.0,7.25,6.07,1.0
91321956,013229-733022.png,1.0,6.55,6.22,1.0
91321957,013229-734123.png,0.0,6.87,6.06,1.0
91321959,013230-730020.png,0.0,6.73,5.99,1.0
91321960,013237-732552.png,1.0,6.79,6.0,1.0
91321962,013239-730733.png,1.0,6.92,6.2,1.0
91321963,013239-732624.png,1.0,6.64,6.03,1.0
91321964,013239-734422.png,0.0,7.0,5.88,1.0
91321966,013240-734936.png,1.0,9.44,6.33,0.0
91321967,013243-731220.png,0.0,6.64,6.04,1.0
91321969,013243-734414.png,0.0,6.9,6.19,1.0
91321970,013245-731144.png,1.0,7.4,6.5,1.0
91321972,013245-732136.png,0.0,6.55,6.23,1.0
91321973,013247-730218.png,0.0,6.77,6.17,1.0
91321974,013249-733200.png,0.0,6.53,6.29,1.0
91321976,013252-732948.png,1.0,6.94,6.48,1.0
91321977,013253-735543.png,1.0,6.58,6.02,1.0
91321979,013255-731916.png,1.0,6.55,6.1,1.0
91321982,013300-730424.png,0.0,12.73,10.5,0.0
91321983,013303-730929.png,0.0,17.83,12.12,0.0
91321985,013304-734239.png,0.0,6.71,6.62,1.0
91321987,013304-735138.png,1.0,6.53,6.07,1.0
91321988,013304-735753.png,1.0,6.94,6.12,1.0
91321990,013307-733441.png,1.0,7.91,6.81,0.0
91321991,013309-732747.png,0.0,6.73,6.14,1.0
91321992,013312-733131.png,0.0,6.65,6.34,1.0
91321994,013313-731412.png,0.0,7.02,6.14,1.0
91321995,013316-731628.png,0.0,6.58,6.07,1.0
91321996,013316-740205.png,1.0,6.3,5.97,1.0
91321997,013318-740304.png,0.0,6.75,6.22,1.0
91321999,013321-733339.png,0.0,6.65,5.98,1.0
91322000,013322-733432.png,1.0,6.7,6.18,1.0
91322001,013323-730325.png,0.0,6.7,5.91,1.0
91322002,013329-730305.png,0.0,6.7,5.86,1.0
91322004,013332-730052.png,1.0,6.49,6.31,1.0
91322005,013334-733645.png,0.0,7.34,6.06,1.0
91322006,013336-731744.png,0.0,6.97,6.16,1.0
91322007,013338-735806.png,1.0,6.57,5.99,1.0
91322008,013340-731746.png,0.0,6.56,6.16,1.0
91322009,013340-732953.png,0.0,7.16,6.91,0.0
91322011,013344-731752.png,0.0,6.76,6.27,1.0
91322012,013346-732517.png,1.0,6.22,6.07,1.0
91322014,013346-735501.png,0.0,6.67,6.05,1.0
91322015,013347-725920.png,0.0,6.98,6.18,1.0
91322016,013350-735227.png,1.0,7.04,6.69,1.0
91322017,013351-735935.png,1.0,6.57,6.14,1.0
91322018,013401-734055.png,1.0,6.95,6.26,1.0
91322020,013404-731124.png,0.0,6.66,6.34,1.0
91322021,013404-733243.png,0.0,6.57,6.02,1.0
91322022,013404-733923.png,1.0,6.54,6.23,1.0
91322023,013404-735245.png,1.0,7.06,6.72,1.0
91322024,013407-733224.png,0.0,6.76,6.08,1.0
91322026,013409-740055.png,1.0,7.15,7.01,0.0
91322027,013410-735717.png,0.0,6.59,6.41,1.0
91322029,013411-732219.png,1.0,6.52,6.08,1.0
91322030,013413-734756.png,0.0,6.58,6.04,1.0
91322032,013414-731408.png,0.0,6.8,6.48,1.0
91322033,013417-732519.png,1.0,7.14,6.68,1.0
91322035,013417-733646.png,0.0,6.74,6.05,1.0
91322036,013423-731812.png,0.0,7.33,6.61,1.0
91322038,013423-735913.png,1.0,6.52,6.13,1.0
91322039,013433-732855.png,1.0,6.62,6.2,1.0
91322040,013434-731018.png,1.0,6.63,6.12,1.0
91322042,013438-731112.png,0.0,6.37,6.28,1.0
91322043,013441-732410.png,1.0,7.12,6.84,0.0
91322045,013442-733644.png,1.0,7.86,6.49,0.0
91322046,013442-734420.png,0.0,6.46,6.13,1.0
91322048,013446-732342.png,0.0,6.65,5.92,1.0
91322049,013501-732910.png,1.0,6.78,6.27,1.0
91322051,013502-730957.png,1.0,8.2,6.63,0.0
91322052,013505-733420.png,0.0,6.78,6.13,1.0
91322053,013507-734803.png,1.0,6.64,6.26,1.0
91322055,013509-731732.png,1.0,6.57,6.17,1.0
91322056,013509-735212.png,0.0,6.64,6.46,1.0
91322057,013512-733420.png,1.0,8.91,6.72,0.0
91322059,013513-734124.png,1.0,6.77,6.0,1.0
91322060,013514-732647.png,1.0,6.86,6.05,1.0
91322061,013515-732012.png,0.0,6.67,6.29,1.0
91322063,013516-735407.png,0.0,7.19,6.85,0.0
91322064,013518-731932.png,1.0,7.85,6.9,0.0
91322065,013519-731641.png,1.0,6.96,6.03,1.0
91322067,013525-733626.png,1.0,6.67,6.36,1.0
91322068,013528-730846.png,1.0,6.46,6.06,1.0
91322070,013529-733606.png,1.0,7.17,6.35,1.0
91322071,013531-731908.png,1.0,6.7,5.99,1.0
91322072,013532-733321.png,1.0,6.66,6.41,1.0
91322074,013545-731758.png,1.0,6.84,6.02,1.0
91322076,013545-733202.png,0.0,6.66,5.99,1.0
91322077,013545-734713.png,0.0,9.21,8.14,0.0
91322078,013546-733618.png,1.0,7.18,6.86,0.0
91322080,013552-733157.png,0.0,6.59,6.21,1.0
91322081,013554-734407.png,1.0,6.73,6.11,1.0
91322083,013556-733748.png,1.0,6.49,5.98,1.0
91322084,013602-731406.png,0.0,6.62,6.06,1.0
91322086,013606-735257.png,0.0,6.7,6.59,1.0
91322088,013607-733551.png,1.0,6.59,6.46,1.0
91322089,013612-733703.png,0.0,6.64,6.15,1.0
91322091,013624-731739.png,1.0,7.37,6.32,1.0
91322092,013626-733744.png,0.0,6.94,6.24,1.0
91322094,013633-734027.png,1.0,6.5,6.21,1.0
91322095,013634-733655.png,0.0,6.52,6.31,1.0
91322097,013640-732931.png,0.0,6.9,6.27,1.0
91322098,013641-732418.png,1.0,6.14,6.05,1.0
91322100,013657-732644.png,1.0,6.48,6.06,1.0
91322101,013701-733630.png,0.0,6.7,5.97,1.0
91322103,013704-732748.png,0.0,6.62,6.12,1.0
91322104,013708-732740.png,0.0,6.77,6.53,1.0
91322105,013709-733453.png,0.0,7.46,6.86,0.0
91322106,013711-732734.png,0.0,6.8,6.48,1.0
91322108,013717-733553.png,1.0,7.47,6.67,0.0
91322109,013729-734227.png,1.0,7.02,6.56,1.0
91322110,013733-732740.png,1.0,6.43,6.25,1.0
91322112,013737-732803.png,0.0,6.65,6.09,1.0
91322113,013742-733050.png,0.0,6.6,5.74,1.0
