Filename,a,b
011005-722649.png,6.61,6.32
010029-713827.png,6.55,6.2
010431-720726.png,6.74,6.12
005557-722605.png,6.66,6.19
010533-721332.png,6.75,6.55
010255-713632.png,6.42,6.17
010931-713456.png,20.73,18.61
010441-713123.png,6.91,6.08
005820-713041.png,6.74,6.0
005703-721636.png,6.66,6.08
005622-715111.png,7.13,6.06
010708-714307.png,6.56,6.1
010321-721345.png,7.11,6.02
010557-714606.png,6.74,6.12
010143-723226.png,7.08,6.44
010147-723225.png,8.07,6.67
010204-722448.png,6.69,6.02
005518-714450.png,14.03,9.43
010652-721839.png,6.7,6.16
010809-720913.png,6.94,6.67
010222-712722.png,7.25,6.2
010821-714925.png,6.72,6.35
010020-714433.png,7.51,6.59
010741-715312.png,6.67,6.38
010405-724344.png,8.72,6.69
011035-720025.png,6.64,6.17
010756-712535.png,15.35,9.81
010935-713825.png,6.59,6.01
010525-722525.png,12.09,8.94
005429-720158.png,6.67,6.23
010851-715019.png,6.57,6.06
010958-713544.png,8.63,7.17
010043-712138.png,6.54,6.15
011050-721026.png,6.78,6.01
011048-721032.png,6.55,6.21
011053-721022.png,6.65,6.09
010530-721022.png,6.5,6.4
010633-714807.png,6.52,5.97
005600-720909.png,6.6,6.07
010721-713733.png,6.54,6.06
005904-720245.png,9.12,6.12
010750-714509.png,6.73,6.08
011103-720050.png,6.76,6.21
005757-715644.png,6.61,6.01
011016-713952.png,6.59,6.01
005756-715721.png,6.96,6.47
010509-712841.png,7.07,6.13
010918-720518.png,6.76,6.31
010153-715759.png,6.48,6.07
010803-712555.png,7.63,6.2
010803-712608.png,6.68,6.1
005902-722950.png,6.38,6.11
005859-722951.png,6.89,6.03
011000-720824.png,8.34,6.63
005737-715936.png,13.35,7.0
005743-715915.png,6.64,6.04
010808-713949.png,6.7,6.17
010806-713943.png,6.54,6.01
005813-713522.png,7.68,7.1
010216-723706.png,6.58,5.78
005523-721056.png,6.63,6.13
005527-721059.png,6.64,6.05
005853-720327.png,6.68,6.0
010713-715632.png,6.65,5.99
010901-713316.png,7.2,5.78
010348-712405.png,6.49,6.0
010914-722940.png,6.69,6.29
010530-721702.png,6.84,6.29
010016-712600.png,7.11,6.71
010109-723553.png,7.16,6.35
010436-722523.png,8.14,6.83
010700-720800.png,6.64,6.15
011115-715137.png,11.32,10.3
005912-723240.png,6.94,6.53
005824-720038.png,6.65,5.87
005820-720049.png,7.1,6.19
005822-720045.png,6.69,6.06
010332-712917.png,6.41,6.27
010927-722221.png,7.1,6.39
005730-723224.png,6.98,6.04
010139-714322.png,6.47,6.28
010611-721510.png,6.7,5.97
010634-713715.png,6.61,6.43
005750-723022.png,6.82,6.4
010830-714726.png,8.92,6.54
005849-713655.png,8.99,8.45
005534-721056.png,8.09,7.47
005540-721049.png,6.49,6.35
010729-712915.png,6.45,6.26
010445-722204.png,6.86,6.15
005954-721718.png,6.81,6.1
010856-721139.png,6.49,5.98
010648-714528.png,7.08,6.14
010917-722027.png,6.4,6.03
010915-722048.png,6.49,6.28
010916-722038.png,6.66,6.14
010913-722041.png,6.94,6.65
010954-720724.png,6.59,6.25
010436-720225.png,6.63,6.04
010058-713529.png,6.6,6.18
010320-715655.png,8.63,7.5
011035-722808.png,6.56,6.03
011045-722856.png,9.51,6.25
011038-722823.png,6.53,5.86
011043-722843.png,6.77,6.09
010536-722055.png,6.74,5.66
010654-720221.png,6.65,6.09
010031-723337.png,6.87,6.17
010708-721950.png,6.3,5.81
010246-721240.png,6.63,6.15
010841-712750.png,16.95,11.93
005842-722717.png,6.78,6.44
010440-714431.png,8.6,7.21
010815-712854.png,6.47,6.02
010647-723500.png,6.34,5.76
010538-722302.png,9.92,6.96
010228-722731.png,6.5,6.03
005905-722824.png,6.77,5.95
005811-723115.png,7.63,7.23
005815-723009.png,6.84,5.99
010507-723857.png,6.55,6.07
010505-723908.png,6.6,6.03
010641-715118.png,6.58,6.07
010227-715633.png,6.62,6.31
010135-713943.png,6.57,6.34
010253-724112.png,6.82,5.95
010328-723912.png,6.95,6.25
005908-714716.png,6.48,6.39
010307-714953.png,7.01,6.58
010013-723812.png,7.74,6.9
010435-720502.png,6.9,6.19
010432-720443.png,6.55,6.0
005940-722359.png,6.45,6.21
010841-721602.png,6.91,6.33
010843-721609.png,6.52,6.44
010206-720931.png,6.64,5.9
005539-720050.png,16.39,14.39
010247-721836.png,6.99,5.87
010249-715319.png,7.5,6.5
010244-715332.png,6.92,6.45
010454-721019.png,6.5,6.24
010236-714526.png,6.54,6.04
010241-713318.png,7.77,7.06
010108-713648.png,6.58,6.24
010026-723407.png,6.5,5.82
005506-715235.png,6.54,5.97
005506-715021.png,6.66,6.21
010241-713205.png,7.04,6.26
005953-723342.png,7.01,6.43
010550-721727.png,6.65,6.04
010633-721652.png,7.04,5.83
010614-721810.png,9.72,6.51
011056-720402.png,6.73,6.45
010504-715926.png,6.84,6.05
010753-720612.png,6.64,6.11
010420-724242.png,7.27,6.14
010541-723509.png,6.87,6.53
005620-720417.png,6.91,6.04
010256-721726.png,6.46,6.11
010314-722126.png,6.31,6.25
005810-720841.png,8.03,7.4
010237-720323.png,6.11,5.94
005726-713957.png,6.29,5.94
005544-720325.png,6.56,6.13
005916-720200.png,6.89,6.69
010835-714057.png,6.58,6.18
010748-713035.png,6.73,6.33
005728-720347.png,7.07,5.72
010647-715910.png,6.71,6.29
005944-715532.png,7.78,6.07
010056-714347.png,7.05,6.95
010637-722643.png,7.53,6.4
005600-720109.png,6.81,6.22
010910-715640.png,6.82,6.01
010636-712650.png,7.09,6.48
010332-722206.png,6.84,6.14
005728-714407.png,6.8,6.18
010513-714148.png,6.57,6.13
010431-723549.png,9.36,8.19
010223-722347.png,8.08,6.3
005802-720500.png,7.1,6.32
010221-714425.png,6.99,5.98
010227-714414.png,8.21,7.09
010456-713923.png,21.44,12.76
010720-715102.png,7.17,6.23
010912-721355.png,7.77,6.39
010240-713117.png,6.45,5.91
011133-715820.png,6.97,6.57
010049-715436.png,6.66,5.77
010557-713729.png,6.81,6.37
010420-713606.png,18.68,8.98
005957-715333.png,7.19,6.73
010643-714145.png,10.6,6.26
005851-713319.png,6.76,5.9
005820-722113.png,7.3,7.14
005822-715957.png,7.76,6.68
011018-714720.png,6.76,6.15
010056-714413.png,6.5,6.1
010657-713732.png,6.78,6.09
010738-713454.png,6.82,5.58
010737-713502.png,11.07,10.63
010738-713433.png,6.62,6.02
010934-713418.png,6.98,6.1
005846-722946.png,6.35,5.9
010329-715407.png,6.75,6.08
010350-712315.png,9.8,9.8
010201-724002.png,6.7,5.99
010051-715200.png,7.96,7.03
005653-721243.png,6.73,6.16
010448-722220.png,6.55,6.14
011250-715902.png,6.55,6.12
005429-715812.png,6.57,5.95
005804-720309.png,6.72,6.02
005526-715924.png,9.05,6.83
010135-723557.png,7.81,6.57
010745-720438.png,6.53,6.16
010925-713736.png,6.79,5.98
010838-721857.png,10.4,9.58
010102-720500.png,6.55,6.01
010344-715020.png,6.59,6.11
010435-720836.png,6.34,6.32
010435-720858.png,7.4,6.95
005745-722341.png,6.79,6.38
010619-714043.png,7.0,6.14
010853-723600.png,6.3,6.07
010438-714638.png,6.66,5.86
010201-715537.png,6.62,6.2
010125-713856.png,6.78,6.41
005537-715503.png,6.54,6.46
010509-723235.png,9.47,8.28
005604-720917.png,8.76,6.22
010745-723357.png,6.91,5.87
010934-715609.png,9.91,7.53
010123-721854.png,6.53,6.08
005507-715725.png,6.61,6.14
010447-722922.png,6.55,6.01
010947-722131.png,6.67,6.19
010951-722135.png,16.2,9.76
010958-722133.png,7.48,7.06
005732-721302.png,6.82,6.05
010018-724122.png,6.66,6.22
005827-720500.png,6.32,5.89
005848-714644.png,6.59,6.05
010208-714544.png,7.4,6.96
010426-713504.png,6.96,6.19
005629-720404.png,6.98,6.53
005848-720035.png,6.84,6.54
010704-715153.png,6.56,6.11
005930-712403.png,7.45,6.11
005747-720433.png,7.01,6.66
010026-722105.png,7.39,6.16
005557-721959.png,6.37,6.14
010720-722548.png,6.64,5.9
010138-720005.png,7.32,6.05
010117-714816.png,6.23,6.05
005523-714403.png,6.65,6.13
011029-722425.png,10.47,8.23
010839-722229.png,6.68,5.86
010829-714409.png,6.53,6.27
005820-713551.png,7.68,6.82
010207-722623.png,6.74,6.0
005544-715326.png,6.55,6.28
010732-712549.png,6.71,6.0
010231-712545.png,6.78,6.27
005837-713550.png,6.71,6.27
010132-720726.png,7.01,5.99
010625-715622.png,6.48,6.08
005953-714303.png,6.55,6.13
005833-723211.png,6.5,6.01
011120-722257.png,7.71,6.79
010854-723001.png,6.63,6.02
010345-722606.png,8.67,6.56
010914-713634.png,6.62,6.08
010039-722801.png,6.42,6.02
010455-721911.png,6.24,6.16
010713-715003.png,6.54,6.06
010111-721900.png,8.15,6.07
010446-715526.png,6.48,5.96
010007-722248.png,7.67,6.67
010225-714722.png,6.87,5.94
010703-712509.png,9.21,7.79
005911-712658.png,7.14,5.92
010501-712234.png,7.16,6.1
011049-720946.png,6.94,6.51
005641-720023.png,6.54,6.02
010528-712917.png,6.66,6.18
010348-722456.png,6.67,5.99
010521-712744.png,6.78,5.67
010606-715251.png,6.52,6.37
010825-715145.png,6.31,5.45
005955-722657.png,7.1,5.88
011055-721729.png,6.52,6.05
010906-721206.png,6.46,6.11
010143-715431.png,6.86,6.47
010406-720758.png,6.87,6.06
010530-712813.png,6.84,6.51
010603-724124.png,9.81,7.76
010012-722101.png,6.42,5.97
010245-713326.png,7.03,6.39
010150-721833.png,6.56,6.44
011119-720905.png,6.96,5.98
010336-714217.png,6.26,6.18
010512-715010.png,6.77,6.43
005858-722528.png,6.73,5.98
010815-722246.png,6.72,5.98
010338-721926.png,6.56,6.06
010809-713419.png,7.65,6.65
010859-715916.png,6.85,6.03
010207-714854.png,6.87,6.26
010058-714523.png,8.16,6.68
010651-722213.png,6.34,6.21
005635-720654.png,6.27,6.03
010527-713635.png,6.79,6.03
010107-722737.png,7.28,6.87
010843-721903.png,6.43,6.03
010353-720826.png,6.75,6.63
010246-712640.png,6.66,6.12
010010-721547.png,6.72,6.17
010137-715416.png,6.94,6.19
010439-713141.png,8.62,7.12
005810-715227.png,6.48,6.28
010023-712452.png,6.31,5.75
010023-712206.png,6.94,6.22
011143-714557.png,7.14,6.41
011145-714558.png,6.82,6.02
010403-720137.png,8.06,6.29
010400-720141.png,11.62,8.73
010359-720204.png,6.58,6.45
010358-720154.png,7.6,6.03
010402-720211.png,13.25,9.49
010405-720153.png,8.85,7.8
010232-712159.png,8.38,7.72
010630-713547.png,6.49,6.07
010035-724056.png,6.85,6.35
010010-720227.png,6.61,6.02
010232-715557.png,6.57,6.19
010337-715847.png,6.73,6.3
005829-714041.png,6.84,5.99
010809-713531.png,7.19,5.61
010429-723111.png,9.96,7.92
010024-722854.png,6.8,5.78
011214-715102.png,6.62,6.34
011137-714920.png,6.88,5.98
005620-721404.png,6.45,5.95
005935-720212.png,6.68,6.08
005950-721635.png,6.65,6.02
010710-720103.png,6.96,6.09
010838-722622.png,6.83,6.14
010719-715815.png,6.59,6.05
010919-713112.png,6.55,6.25
005834-712625.png,12.75,12.63
005928-723139.png,6.36,6.32
005702-721012.png,7.8,5.61
010725-720343.png,18.26,9.42
010438-715246.png,16.88,11.17
010901-722242.png,6.66,6.44
005700-715358.png,6.61,6.16
010714-720104.png,6.62,6.02
010508-714634.png,10.66,6.2
010506-714636.png,6.66,6.31
011102-720946.png,6.55,6.32
010215-713558.png,6.78,5.93
005704-713124.png,6.48,5.77
011143-720244.png,6.69,6.08
010015-715033.png,11.44,7.26
010221-722844.png,6.81,6.4
010215-722744.png,6.73,6.48
010149-722345.png,6.43,5.94
010854-721208.png,6.65,6.1
005641-714508.png,6.9,6.67
010920-721819.png,6.5,6.06
010115-721638.png,6.75,6.04
010728-720711.png,18.18,13.06
010803-720416.png,6.51,6.34
010759-720424.png,6.26,6.18
010206-713355.png,6.72,6.14
010401-712410.png,6.83,5.79
010027-721818.png,6.61,6.05
010751-714015.png,6.79,6.25
010248-712947.png,8.58,7.92
010709-723758.png,7.48,6.9
010911-723052.png,6.78,6.3
010542-721833.png,7.12,6.12
005954-715811.png,6.74,6.0
005954-715804.png,6.99,6.04
010443-721830.png,7.54,6.51
010719-715606.png,6.94,6.27
011041-714834.png,6.55,6.06
010253-721224.png,6.66,6.37
010028-720553.png,6.68,6.07
005935-714210.png,6.6,5.94
010233-713634.png,7.73,6.63
010025-721806.png,6.62,5.6
005706-721208.png,7.07,6.65
010857-715959.png,6.62,6.04
005536-715444.png,7.29,6.85
010007-713745.png,6.5,5.99
010113-714652.png,7.87,7.78
010918-713819.png,6.66,5.76
010656-713435.png,7.14,6.14
010521-714419.png,7.2,6.05
010111-712638.png,7.52,6.7
010354-721614.png,7.32,6.68
010251-722800.png,6.48,6.4
010114-720754.png,6.51,5.69
010151-724110.png,6.63,6.42
005731-722303.png,6.54,5.9
010905-723007.png,9.79,8.06
010224-721018.png,6.67,6.27
010929-722149.png,7.11,6.97
010619-715149.png,6.48,6.04
010507-712449.png,6.63,6.05
005810-714612.png,9.05,6.52
010531-712515.png,6.44,5.93
010455-723308.png,7.08,6.13
010420-721446.png,6.52,6.15
010055-720609.png,6.55,6.05
010722-722648.png,6.35,5.97
005710-715144.png,6.92,6.07
010225-714033.png,7.06,6.41
011119-713854.png,15.22,10.82
010557-723226.png,6.67,6.5
005610-721832.png,6.53,5.87
010300-721724.png,6.91,6.45
005808-721241.png,6.57,6.12
010210-721253.png,6.63,6.43
010854-720540.png,6.59,6.04
005758-715402.png,6.56,6.05
010443-721326.png,6.8,6.28
010448-715158.png,7.06,6.37
011001-713930.png,6.56,6.02
010816-721658.png,9.1,7.87
010434-714510.png,6.79,6.43
010747-712325.png,6.48,6.08
010200-721621.png,6.7,6.02
005938-715515.png,6.47,6.1
010556-714855.png,6.62,6.14
010018-721558.png,6.36,6.05
010850-721557.png,6.57,6.1
010812-714831.png,6.69,6.18
010739-722320.png,6.71,6.32
010803-720901.png,15.83,7.1
010811-714422.png,6.7,6.29
005814-712736.png,6.37,6.24
010217-721415.png,6.39,5.92
010200-713500.png,6.91,6.3
010446-724229.png,6.53,6.04
010416-724144.png,6.56,5.99
010726-721753.png,6.64,6.05
011008-721704.png,6.98,6.17
011238-715551.png,6.38,6.17
010645-713541.png,6.47,6.22
010731-714813.png,6.75,6.03
010841-721516.png,7.06,6.76
010154-714541.png,6.62,5.85
010217-715752.png,6.82,6.32
010845-715048.png,6.95,6.41
010230-713447.png,6.48,5.8
010037-723856.png,6.26,5.96
010930-714230.png,8.04,7.65
010407-712108.png,6.49,6.03
010923-722209.png,28.48,23.94
010334-715721.png,6.29,5.99
010845-714649.png,6.97,5.93
010653-712712.png,6.94,6.25
010451-715320.png,7.46,6.35
005723-720349.png,9.2,7.38
010102-713500.png,6.48,6.26
010838-713500.png,9.1,7.56
010854-720121.png,6.62,6.08
010731-715245.png,6.53,5.98
010541-722116.png,7.48,6.67
011045-720608.png,6.56,6.29
010117-715812.png,6.44,5.99
010722-714937.png,6.67,5.94
010658-721416.png,6.63,6.33
010659-721408.png,6.68,6.1
010046-715911.png,6.59,6.42
010249-715448.png,6.52,6.08
010733-714553.png,6.4,6.23
010025-714342.png,6.56,6.18
010630-722110.png,6.58,6.01
010314-721730.png,6.64,6.03
010835-721236.png,6.54,6.24
010813-722740.png,8.07,6.74
005652-713607.png,7.03,6.03
010614-720701.png,6.53,6.05
010514-713418.png,9.15,6.93
010639-721818.png,7.89,6.97
010449-713634.png,6.3,6.25
010539-723701.png,7.2,6.82
010310-714600.png,6.7,6.27
010012-720150.png,7.07,6.39
010320-714836.png,6.59,6.07
010116-714113.png,6.51,6.17
010153-721416.png,6.56,6.2
010622-715316.png,6.67,5.82
010741-715125.png,6.54,6.08
005901-714335.png,6.26,6.11
010509-721147.png,6.77,6.0
010231-720259.png,8.27,6.71
005942-714837.png,6.85,6.26
005730-714605.png,6.78,6.0
010258-720348.png,7.09,6.07
010112-715838.png,6.2,6.02
010517-715500.png,9.22,6.47
010636-715650.png,6.49,6.22
005914-722233.png,6.77,6.31
010022-714357.png,6.88,6.38
010845-713815.png,6.56,5.71
010309-713729.png,6.51,5.94
010422-713338.png,6.71,6.18
010254-715029.png,7.07,6.11
005829-714910.png,6.54,6.02
010352-724344.png,6.59,6.07
011022-715553.png,7.11,6.03
010740-715246.png,6.81,6.02
010041-720117.png,7.31,6.34
010110-715404.png,6.61,6.04
010909-715050.png,6.74,5.78
010126-714331.png,6.66,6.35
010953-714106.png,9.12,6.78
010200-713632.png,6.63,5.75
010428-724117.png,7.21,7.07
011107-721939.png,6.78,6.11
010700-715242.png,6.5,6.13
005904-712649.png,6.77,6.09
010113-723902.png,9.6,7.71
010526-715124.png,7.91,7.03
005842-712856.png,6.79,6.22
010038-712643.png,6.97,6.37
010756-722510.png,6.5,6.21
010116-720516.png,6.41,6.29
005808-720339.png,6.74,6.05
010458-714435.png,6.67,6.06
010350-713915.png,6.94,6.04
010714-722339.png,7.37,6.66
010708-712923.png,9.22,8.47
010511-722557.png,7.04,6.79
010133-715225.png,6.62,6.5
005903-714824.png,6.81,6.3
010927-720818.png,10.26,7.62
005832-720205.png,6.51,5.65
005738-715804.png,6.52,6.06
010139-714907.png,7.04,5.85
010046-722132.png,6.6,6.11
005913-715854.png,6.89,6.58
005614-714232.png,6.55,6.02
010104-722818.png,7.47,6.75
010726-721003.png,6.64,6.06
010537-715317.png,6.61,5.95
005812-714718.png,7.01,6.17
010647-715339.png,7.15,6.21
010214-724031.png,6.73,6.23
010539-722610.png,17.27,14.15
010203-723101.png,8.49,6.22
010109-714818.png,6.9,5.78
005736-723344.png,10.28,7.95
010312-721958.png,13.05,12.74
005839-721439.png,6.99,6.14
010537-723737.png,6.66,6.17
010236-712657.png,6.57,6.13
005821-722459.png,6.58,6.04
005922-721550.png,6.52,6.02
010209-720823.png,6.49,6.13
010713-723210.png,6.86,6.15
011151-715439.png,6.55,6.1
005733-714114.png,6.56,6.0
010505-722707.png,6.48,6.0
010701-722327.png,6.41,6.14
010122-721627.png,6.45,6.01
010328-713753.png,6.81,6.11
010933-721215.png,6.57,6.15
010405-724416.png,6.52,6.05
010744-723024.png,6.87,6.21
010810-721302.png,6.82,6.15
010810-715159.png,10.88,6.41
010819-714958.png,6.69,6.08
010355-714813.png,6.61,5.92
010148-715540.png,6.67,6.33
010414-714935.png,7.25,6.58
010212-721901.png,6.49,6.23
010752-721018.png,6.45,6.18
010040-723516.png,6.71,6.05
011018-720958.png,6.75,6.53
010645-722028.png,6.53,6.06
010304-721849.png,6.88,6.62
010654-715437.png,6.68,6.15
011142-715117.png,6.65,5.96
010908-722003.png,6.68,6.43
010114-722906.png,6.38,5.82
010055-723657.png,6.53,6.32
010240-721600.png,11.44,9.34
010137-714421.png,6.95,5.85
010056-722655.png,6.69,6.17
011055-721804.png,7.17,6.11
010813-721144.png,7.03,6.25
010215-723042.png,8.16,6.6
005843-722520.png,13.17,12.62
010814-715555.png,6.86,6.18
010123-715918.png,8.39,6.44
010233-715141.png,6.85,5.89
010145-721707.png,6.55,6.1
010428-721644.png,6.65,5.76
011025-720529.png,13.08,6.39
010211-712021.png,6.53,6.03
010029-714146.png,6.8,6.15
005729-720522.png,6.79,6.06
010123-715446.png,7.79,7.53
010808-715322.png,7.19,6.44
010355-712242.png,9.31,7.57
010546-721657.png,7.64,6.05
010921-722038.png,7.07,6.15
010137-720419.png,6.58,6.18
010623-713345.png,6.68,6.01
010047-714105.png,8.38,7.22
010228-724019.png,6.46,6.1
010316-722712.png,6.82,6.01
010149-714302.png,6.59,6.03
010536-713907.png,6.63,6.14
005912-715922.png,7.23,6.2
010120-714447.png,6.69,6.18
010631-715735.png,6.69,6.06
010102-723243.png,6.75,6.08
010603-722322.png,6.67,5.96
010142-720620.png,6.6,6.08
010640-720310.png,7.46,6.86
010344-712605.png,15.4,13.36
010203-722201.png,9.62,7.18
010723-713241.png,6.6,6.21
010427-715123.png,12.96,11.13
010358-713941.png,6.68,6.3
010042-715312.png,6.47,5.82
010038-712900.png,6.48,6.23
010154-712722.png,9.13,8.49
005700-713659.png,6.64,6.19
010344-715938.png,6.7,6.32
011108-722309.png,6.56,6.12
005935-720405.png,7.66,7.37
010136-714506.png,6.57,5.97
005800-713903.png,6.55,5.91
005728-720135.png,6.69,6.05
010021-724034.png,7.22,6.22
010347-722703.png,6.67,6.49
010719-720555.png,11.67,7.74
010112-712354.png,6.6,6.01
010200-723651.png,6.88,6.23
010859-713350.png,7.59,6.37
010344-714925.png,6.58,5.9
005930-722753.png,6.85,6.65
010350-722727.png,7.03,6.45
010603-712658.png,7.43,6.1
010447-720808.png,6.54,6.22
010035-715654.png,6.58,6.0
010746-721235.png,6.27,6.1
010249-715618.png,6.82,6.22
005943-714558.png,6.67,6.46
005734-723244.png,6.69,6.03
005810-715056.png,6.96,6.15
011132-714451.png,7.73,6.66
010435-713023.png,10.08,7.58
010648-721849.png,6.73,6.29
010408-715354.png,7.05,5.99
010035-722602.png,6.62,6.22
011002-720143.png,6.63,6.28
010647-712540.png,6.53,5.91
010126-721437.png,8.03,7.14
010757-713611.png,7.21,6.15
005636-714514.png,21.18,11.96
010536-713814.png,8.95,6.91
010729-712639.png,6.8,6.18
010401-712457.png,7.02,6.07
010552-715121.png,6.62,6.34
005704-722053.png,6.49,6.11
010808-715127.png,6.96,6.29
005607-720003.png,6.75,6.57
010633-712835.png,6.48,6.29
011038-721740.png,7.29,6.3
010515-720517.png,7.1,6.84
010701-715329.png,6.73,6.07
010601-720336.png,6.63,6.18
010709-721808.png,6.45,6.42
010542-721732.png,7.04,6.38
010855-721329.png,6.82,6.2
005519-720807.png,6.58,6.11
010625-714451.png,6.74,6.15
010211-712741.png,7.16,6.65
010715-722419.png,6.59,6.12
010316-724013.png,7.08,6.92
010608-713613.png,6.55,6.03
010116-722852.png,6.99,6.57
010937-721712.png,7.3,7.21
010717-714650.png,6.25,5.93
010732-715327.png,6.65,5.95
005524-722133.png,7.14,6.35
010216-712529.png,6.52,6.2
010706-722245.png,6.82,6.45
010504-715902.png,6.63,6.12
010059-712450.png,8.53,7.86
010430-720014.png,6.61,6.06
010621-714016.png,6.75,5.93
010517-722407.png,6.37,5.88
010431-722326.png,6.86,6.04
010410-721508.png,6.49,5.48
010706-723029.png,6.72,6.04
010232-723009.png,6.68,6.01
010637-723116.png,15.14,8.85
010538-715853.png,7.58,6.27
010521-715655.png,6.75,6.7
010028-715201.png,8.38,6.12
010354-715214.png,6.38,6.02
010001-712329.png,7.13,6.73
010415-720005.png,7.03,6.99
010706-715843.png,6.41,5.69
010307-720627.png,14.6,8.24
010634-715542.png,7.99,6.71
010712-721009.png,6.88,5.99
010216-711953.png,6.65,6.04
010107-721836.png,6.65,6.18
005503-714525.png,6.5,6.5
005911-722420.png,6.44,5.93
005815-721809.png,6.57,6.02
010541-720338.png,7.79,6.55
010543-720344.png,6.99,6.62
012449-741323.png,8.74,8.6
012820-741313.png,9.25,8.92
012506-741229.png,6.8,6.16
012816-741148.png,6.75,6.05
012804-741105.png,6.78,6.08
012804-741121.png,6.86,6.6
012458-741118.png,6.53,6.45
012825-741115.png,6.78,6.0
013105-741053.png,6.66,6.27
012608-741045.png,8.12,7.17
012444-741034.png,7.51,7.04
012812-741038.png,6.59,5.8
012239-741011.png,12.06,9.2
012411-741017.png,6.67,6.13
012356-740954.png,6.79,5.98
012932-740947.png,6.32,6.03
013146-740923.png,6.7,6.61
013011-740924.png,6.83,5.87
012838-740923.png,6.85,6.01
012832-740908.png,9.46,9.2
012829-740836.png,6.75,6.13
013025-740800.png,8.64,6.4
012940-740745.png,6.55,5.75
013103-740738.png,12.33,7.78
013045-740737.png,7.14,6.84
013132-740720.png,6.54,6.15
013112-740714.png,7.74,6.77
012803-740721.png,6.72,6.0
012436-740645.png,6.99,5.99
012403-740617.png,6.97,6.14
012920-740615.png,7.27,6.44
012544-740608.png,6.84,6.25
012855-740602.png,6.6,6.13
012305-740537.png,7.7,6.82
012402-740502.png,6.91,6.47
012127-740448.png,6.76,5.92
012842-740458.png,6.89,6.07
012717-740424.png,6.59,6.02
012424-740418.png,6.69,6.24
012652-740416.png,7.06,6.16
012636-740405.png,6.81,5.88
012503-740405.png,8.87,7.8
012316-740354.png,6.83,6.23
012831-740350.png,6.76,6.17
012654-740345.png,6.91,5.82
012437-740336.png,7.0,6.48
013318-740304.png,6.75,6.22
012649-740312.png,8.08,6.96
012652-740305.png,6.9,6.07
012643-740315.png,6.71,6.09
012324-740244.png,6.64,6.03
012445-740248.png,6.62,6.03
012028-740212.png,7.01,6.08
012411-740233.png,6.87,6.34
012209-740222.png,6.55,6.43
013316-740205.png,6.3,5.97
012441-740210.png,7.04,6.2
013036-740204.png,7.58,6.26
012722-740205.png,7.13,6.5
012956-740155.png,7.17,7.07
012934-740156.png,6.95,6.07
012839-740154.png,6.75,6.02
012829-740138.png,6.53,6.22
012526-740124.png,6.88,6.57
013409-740055.png,7.15,7.01
012329-740056.png,6.68,6.13
013125-740037.png,6.66,6.02
013123-740045.png,6.73,6.39
013120-740052.png,6.59,6.0
012151-740000.png,7.14,7.05
012149-740010.png,6.66,6.31
012153-740025.png,7.96,7.72
013214-740037.png,7.04,6.11
012250-740018.png,6.74,6.18
012739-740028.png,8.46,6.56
012612-740024.png,9.46,8.64
012553-740013.png,6.66,5.79
012549-740007.png,7.17,6.7
012351-740009.png,7.32,6.46
012853-740013.png,6.73,6.24
012255-735954.png,6.68,6.5
013148-735958.png,7.01,6.04
013351-735935.png,6.57,6.14
012918-735944.png,9.31,6.23
013423-735913.png,6.52,6.13
012712-735905.png,7.59,5.86
012559-735900.png,6.63,6.05
012557-735849.png,11.92,8.43
012030-735814.png,6.68,6.06
012053-735800.png,7.15,5.94
013338-735806.png,6.57,5.99
012228-735807.png,6.56,5.99
013304-735753.png,6.94,6.12
012357-735743.png,6.63,6.1
012717-735749.png,6.49,6.24
013410-735717.png,6.59,6.41
013202-735726.png,6.59,6.49
012037-735648.png,6.58,6.29
012305-735705.png,8.48,6.18
012824-735715.png,6.78,5.92
012926-735713.png,6.47,6.37
012556-735700.png,8.4,7.0
013012-735701.png,6.97,6.15
013051-735648.png,6.43,6.2
012536-735632.png,6.47,6.12
012533-735643.png,6.75,6.07
012238-735624.png,7.82,7.71
012136-735611.png,6.43,6.21
013009-735618.png,6.75,6.02
012323-735607.png,6.45,6.16
012206-735602.png,7.13,6.61
012119-735552.png,6.66,6.12
012135-735549.png,9.34,7.7
013044-735559.png,18.73,10.45
012247-735544.png,7.31,6.71
012643-735553.png,7.64,6.63
013253-735543.png,6.58,6.02
013132-735547.png,6.69,5.97
012252-735538.png,7.04,6.15
012038-735522.png,7.3,6.11
012910-735541.png,7.22,6.19
012706-735535.png,6.94,6.06
013346-735501.png,6.67,6.05
013047-735441.png,6.57,6.06
011857-735404.png,7.18,6.2
013110-735427.png,6.95,6.62
013516-735407.png,7.19,6.85
012559-735421.png,7.01,6.6
012601-735413.png,8.24,6.9
012958-735416.png,7.22,6.1
012546-735421.png,6.56,6.15
012755-735420.png,6.72,6.7
013033-735409.png,6.76,6.0
012258-735400.png,6.6,6.07
012300-735347.png,6.57,6.17
012229-735335.png,6.5,6.08
013606-735257.png,6.7,6.59
012444-735324.png,6.57,6.19
012525-735329.png,6.57,6.11
012922-735312.png,6.58,5.95
012652-735256.png,7.03,6.42
012651-735303.png,8.7,7.64
013404-735245.png,7.06,6.72
013136-735244.png,6.71,6.3
013350-735227.png,7.04,6.69
012242-735230.png,6.6,5.83
013509-735212.png,6.64,6.46
013004-735236.png,6.66,6.01
012932-735221.png,6.82,6.08
011927-735125.png,6.67,6.24
012434-735144.png,6.62,6.2
013304-735138.png,6.53,6.07
012922-735148.png,7.26,6.14
012157-735106.png,10.2,8.68
013056-735112.png,7.11,6.47
013124-735101.png,6.49,6.03
013041-735053.png,7.3,6.31
012350-735043.png,6.54,6.22
012348-735034.png,7.32,6.33
012241-735017.png,6.72,6.17
012901-735018.png,7.6,6.21
012857-735018.png,6.83,6.34
013137-734959.png,6.49,6.31
012759-735007.png,8.12,5.92
012042-734937.png,6.67,6.35
013147-734943.png,7.01,6.34
013152-734934.png,6.52,6.01
012231-734944.png,6.8,6.04
012448-734949.png,7.31,6.82
013240-734936.png,9.44,6.33
013225-734933.png,7.25,6.07
012807-734937.png,7.24,6.03
012636-734934.png,6.65,6.02
013022-734920.png,6.39,5.97
011932-734847.png,6.7,6.26
012520-734919.png,6.93,6.12
012930-734838.png,6.5,6.21
013507-734803.png,6.64,6.26
012519-734822.png,6.79,6.11
013413-734756.png,6.58,6.04
012314-734757.png,6.87,6.18
012812-734806.png,6.87,6.29
012029-734734.png,7.12,6.13
012727-734759.png,7.88,6.69
012319-734745.png,6.91,6.43
012914-734757.png,6.68,5.99
012056-734731.png,9.72,6.55
013545-734713.png,9.21,8.14
012310-734734.png,6.62,6.1
012934-734732.png,6.65,6.06
012751-734731.png,7.23,6.12
012847-734729.png,6.63,5.94
013204-734715.png,6.58,6.1
012236-734705.png,6.78,6.06
012540-734644.png,6.7,6.29
012857-734642.png,6.58,6.01
013040-734632.png,6.95,6.08
012430-734618.png,7.56,6.81
012701-734559.png,6.63,6.15
012703-734611.png,6.44,6.04
012332-734602.png,6.42,5.84
012452-734549.png,7.07,6.17
012321-734527.png,6.93,6.04
012118-734513.png,13.36,11.63
013153-734507.png,7.06,6.04
012704-734512.png,6.76,5.92
012717-734502.png,6.74,6.34
012437-734447.png,6.97,6.11
013127-734438.png,7.05,6.31
012509-734442.png,7.05,6.19
013442-734420.png,6.46,6.13
012553-734440.png,6.39,6.13
013554-734407.png,6.73,6.11
013243-734414.png,6.9,6.19
013239-734422.png,7.0,5.88
013159-734429.png,6.6,6.01
012813-734435.png,6.75,6.13
013050-734426.png,6.76,5.98
012829-734430.png,6.45,6.31
012337-734354.png,6.56,6.09
012542-734353.png,11.59,7.22
011948-734321.png,6.46,6.25
012653-734335.png,6.52,6.2
012647-734320.png,7.02,6.11
012954-734322.png,6.64,6.05
012702-734323.png,11.47,6.87
012945-734320.png,6.66,6.16
012546-734314.png,6.81,5.92
013729-734227.png,7.02,6.56
012830-734315.png,6.81,6.19
012803-734315.png,7.14,6.2
013304-734239.png,6.71,6.62
013103-734249.png,6.59,6.27
013209-734240.png,6.55,6.08
012217-734230.png,6.6,6.06
012945-734238.png,6.71,6.21
012905-734228.png,6.55,5.77
012721-734221.png,6.6,6.48
012448-734214.png,7.11,6.11
012438-734158.png,6.86,6.08
012031-734129.png,6.66,6.13
013513-734124.png,6.77,6.0
012300-734141.png,6.83,5.83
012829-734143.png,7.91,6.17
012118-734124.png,8.45,6.57
013229-734123.png,6.87,6.06
012415-734120.png,6.54,6.08
012416-734102.png,6.82,6.23
012223-734114.png,6.38,6.17
012711-734123.png,6.57,6.01
012323-734111.png,6.67,6.24
013401-734055.png,6.95,6.26
013633-734027.png,6.5,6.21
012729-734059.png,7.91,6.5
012528-734057.png,6.48,5.99
013059-734045.png,6.56,5.94
012222-734031.png,6.85,6.51
012121-734013.png,6.58,6.14
012502-734022.png,6.97,6.62
011942-733946.png,6.64,6.12
013020-733957.png,6.91,5.82
012553-733955.png,7.16,6.14
012519-733954.png,7.7,6.62
013002-733950.png,6.42,5.96
013139-733941.png,6.55,6.07
013404-733923.png,6.54,6.23
012633-733943.png,14.46,12.5
012607-733934.png,8.06,5.89
013043-733925.png,10.57,5.99
012155-733911.png,51.39,4.98
012950-733925.png,6.55,5.98
013215-733903.png,8.15,6.83
012054-733853.png,7.01,6.15
012647-733908.png,6.45,6.23
012352-733856.png,6.47,6.15
012333-733839.png,6.94,5.94
012235-733814.png,6.56,5.72
012236-733826.png,7.13,6.08
012306-733827.png,8.33,7.54
012337-733829.png,6.76,6.16
013626-733744.png,6.94,6.24
013556-733748.png,6.49,5.98
012642-733821.png,6.8,6.62
011951-733746.png,7.76,6.5
012831-733815.png,6.65,6.01
013059-733758.png,6.8,6.07
012617-733745.png,7.12,6.07
012408-733747.png,6.86,6.17
012355-733745.png,6.56,6.11
012720-733747.png,7.08,6.0
013612-733703.png,6.64,6.15
013634-733655.png,6.52,6.31
012817-733736.png,6.66,6.03
013417-733646.png,6.74,6.05
013701-733630.png,6.7,5.97
012459-733707.png,6.76,6.11
012949-733709.png,7.2,6.04
013442-733644.png,7.86,6.49
013334-733645.png,7.34,6.06
012320-733653.png,7.12,6.45
012323-733640.png,6.77,6.23
012217-733646.png,6.91,6.0
013525-733626.png,6.67,6.36
013546-733618.png,7.18,6.86
012128-733625.png,6.7,6.14
013717-733553.png,7.47,6.67
013529-733606.png,7.17,6.35
013607-733551.png,6.59,6.46
011842-733528.png,9.65,6.89
012031-733542.png,6.77,6.26
012834-733545.png,10.89,8.84
011743-733454.png,6.82,6.3
012056-733454.png,6.2,6.17
012048-733514.png,6.59,6.1
012500-733538.png,6.78,6.17
013709-733453.png,7.46,6.86
012634-733521.png,6.94,6.23
012309-733503.png,6.9,5.98
012437-733504.png,7.8,5.93
012014-733431.png,6.55,6.08
012244-733453.png,6.6,6.06
012125-733440.png,6.71,5.98
013048-733452.png,7.3,5.68
013307-733441.png,7.91,6.81
013505-733420.png,6.78,6.13
012101-733418.png,6.66,6.11
013512-733420.png,8.91,6.72
013322-733432.png,6.7,6.18
012325-733405.png,7.4,6.32
012655-733413.png,6.78,6.06
013321-733339.png,6.65,5.98
012254-733342.png,6.67,6.12
012400-733347.png,6.78,5.82
013532-733321.png,6.66,6.41
013135-733342.png,6.77,6.5
013034-733344.png,6.85,6.51
013109-733327.png,6.7,5.78
012522-733331.png,6.41,6.26
012930-733311.png,6.94,6.0
011736-733217.png,6.95,6.28
012323-733258.png,7.4,6.86
013404-733243.png,6.57,6.02
012414-733259.png,7.22,6.84
013033-733256.png,11.95,9.03
012507-733254.png,6.81,6.12
012258-733243.png,8.54,7.48
012703-733251.png,14.53,12.85
013407-733224.png,6.76,6.08
013545-733202.png,6.66,5.99
012730-733239.png,6.63,6.12
013552-733157.png,6.59,6.21
012617-733234.png,6.92,5.92
013057-733225.png,6.44,6.05
012326-733219.png,6.9,6.08
013134-733220.png,7.05,6.33
012040-733154.png,6.95,6.49
013249-733200.png,6.53,6.29
012030-733143.png,6.73,6.3
012216-733155.png,6.71,6.37
012624-733202.png,6.82,6.63
012527-733200.png,7.46,7.08
013221-733147.png,22.34,8.93
012924-733153.png,6.62,5.99
012332-733135.png,6.92,6.83
012740-733146.png,6.81,6.09
012534-733146.png,6.72,6.01
013312-733131.png,6.65,6.34
013742-733050.png,6.6,5.74
013221-733133.png,9.07,8.39
011851-733045.png,7.5,6.43
012457-733118.png,7.39,6.73
012648-733115.png,7.38,6.92
012542-733111.png,9.14,7.83
011937-733039.png,7.06,5.97
012213-733054.png,6.49,5.85
012337-733057.png,6.48,6.08
012415-733058.png,6.66,5.86
012232-733040.png,6.66,6.44
012510-733049.png,7.11,6.14
012055-733025.png,6.51,5.95
012219-733019.png,6.41,6.28
013229-733022.png,6.55,6.22
012130-732958.png,6.81,6.7
012824-733012.png,7.81,6.2
013640-732931.png,6.9,6.27
013340-732953.png,7.16,6.91
012646-733007.png,6.75,6.1
012219-732948.png,6.51,6.38
012216-732955.png,6.75,6.08
012428-732958.png,7.16,6.24
013252-732948.png,6.94,6.48
012301-732944.png,6.72,6.33
012539-732949.png,6.69,6.06
012541-732951.png,6.69,6.05
012531-732939.png,7.93,6.86
013206-732933.png,6.94,6.06
013209-732937.png,6.75,6.19
011930-732906.png,6.91,6.27
012443-732937.png,7.04,6.19
013501-732910.png,6.78,6.27
012818-732935.png,12.52,6.62
012623-732929.png,7.27,7.26
013147-732919.png,6.86,5.93
013433-732855.png,6.62,6.2
012533-732917.png,6.94,6.38
012025-732841.png,6.88,5.92
012311-732845.png,6.84,6.09
013737-732803.png,6.65,6.09
012247-732842.png,6.6,6.3
013711-732734.png,6.8,6.48
013704-732748.png,6.62,6.12
013708-732740.png,6.77,6.53
012855-732841.png,8.13,7.91
012333-732827.png,6.49,6.08
012323-732821.png,8.18,6.97
013733-732740.png,6.43,6.25
012123-732752.png,6.83,5.99
012108-732741.png,6.94,6.64
013309-732747.png,6.73,6.14
012828-732758.png,6.6,6.11
012206-732740.png,18.73,12.88
012837-732755.png,10.49,8.84
012509-732749.png,6.77,6.0
012758-732749.png,6.87,5.86
012132-732710.png,6.63,6.04
012818-732739.png,8.18,6.97
013657-732644.png,6.48,6.06
012550-732717.png,6.5,6.07
012629-732715.png,6.85,5.97
013514-732647.png,6.86,6.05
012340-732700.png,8.65,8.35
012737-732707.png,6.81,5.65
012415-732701.png,6.51,6.05
012510-732658.png,7.81,6.81
012801-732649.png,7.38,6.76
013147-732646.png,8.06,7.0
012813-732651.png,6.88,5.64
012730-732645.png,6.53,6.04
012737-732639.png,7.25,5.88
011755-732543.png,6.71,6.13
013239-732624.png,6.64,6.03
012838-732626.png,6.73,6.2
013216-732615.png,6.79,6.24
012133-732604.png,9.48,6.76
011923-732535.png,6.66,6.21
013237-732552.png,6.79,6.0
012549-732601.png,6.74,5.95
011929-732527.png,10.02,7.96
012816-732540.png,11.96,8.53
012705-732552.png,6.74,6.05
012650-732548.png,6.8,6.47
011828-732453.png,8.91,7.31
013417-732519.png,7.14,6.68
013346-732517.png,6.22,6.07
012908-732528.png,7.05,6.03
012802-732524.png,6.92,6.04
012624-732520.png,6.8,6.31
013136-732458.png,6.95,6.38
012616-732502.png,6.75,6.11
013641-732418.png,6.14,6.05
012407-732442.png,6.67,6.19
012305-732433.png,6.69,5.91
013441-732410.png,7.12,6.84
013027-732426.png,7.01,6.01
013001-732409.png,7.56,5.88
013446-732342.png,6.65,5.92
012608-732402.png,10.56,8.59
012130-732335.png,6.88,5.89
012620-732351.png,6.65,6.23
012439-732336.png,6.62,6.02
012349-732307.png,6.82,6.0
012254-732314.png,7.17,6.3
012252-732307.png,6.63,6.06
013138-732313.png,6.71,5.81
012035-732244.png,6.52,6.13
012012-732230.png,8.38,6.83
012804-732300.png,7.19,6.02
012915-732257.png,7.07,5.8
012719-732252.png,9.92,6.33
013411-732219.png,6.52,6.08
012341-732230.png,15.97,6.52
012749-732236.png,6.84,5.96
012137-732159.png,7.52,6.38
012241-732203.png,7.0,6.3
013010-732210.png,6.65,6.26
012210-732147.png,6.44,6.04
012715-732155.png,6.57,5.23
013245-732136.png,6.55,6.23
012735-732150.png,7.83,6.15
011949-732102.png,6.7,6.11
012911-732131.png,6.39,6.25
012648-732127.png,6.67,5.99
012128-732005.png,6.64,6.33
012023-732039.png,8.5,8.1
012955-732057.png,6.67,6.0
011822-732015.png,6.76,6.05
013025-732056.png,7.7,6.84
013022-732039.png,7.13,6.5
012231-732028.png,6.72,6.18
013515-732012.png,6.67,6.29
012656-732041.png,6.56,6.08
012255-732024.png,6.56,6.23
012502-732016.png,6.46,6.15
012748-732016.png,6.46,6.07
012635-732007.png,6.87,6.72
013518-731932.png,7.85,6.9
013531-731908.png,6.7,5.99
012948-731935.png,6.8,6.48
012649-731930.png,6.91,5.98
013423-731812.png,7.33,6.61
013255-731916.png,6.55,6.1
012633-731855.png,6.68,5.93
012426-731846.png,8.81,6.74
011825-731757.png,8.1,6.86
012916-731848.png,6.59,6.04
012905-731841.png,6.69,5.85
012216-731824.png,7.05,6.49
012705-731834.png,6.5,5.99
013545-731758.png,6.84,6.02
013111-731821.png,6.61,6.16
013340-731746.png,6.56,6.16
013344-731752.png,6.76,6.27
013336-731744.png,6.97,6.16
013624-731739.png,7.37,6.32
012654-731803.png,7.33,6.08
013509-731732.png,6.57,6.17
013032-731741.png,6.69,5.99
012637-731749.png,8.09,7.44
012652-731745.png,6.84,5.86
012056-731702.png,7.43,6.21
012145-731659.png,6.76,6.1
012756-731717.png,6.79,6.12
012234-731704.png,7.61,6.55
012340-731705.png,8.01,6.79
013519-731641.png,6.96,6.03
012831-731657.png,6.82,5.98
012119-731633.png,9.15,8.43
012518-731631.png,6.77,6.04
012517-731643.png,7.6,6.99
012313-731639.png,6.76,6.17
013316-731628.png,6.58,6.07
013111-731637.png,7.85,6.95
012649-731633.png,7.99,6.0
013015-731628.png,6.57,6.06
012741-731632.png,6.81,6.26
012547-731601.png,8.4,6.07
012546-731612.png,6.66,6.07
012631-731607.png,6.71,6.07
012216-731552.png,6.66,6.04
012907-731558.png,6.61,6.1
013101-731531.png,6.68,6.01
012909-731535.png,9.96,6.43
012159-731455.png,13.93,9.85
012639-731503.png,9.33,7.85
012916-731459.png,8.22,7.01
012110-731435.png,6.74,6.13
013602-731406.png,6.62,6.06
012254-731428.png,7.35,6.08
013414-731408.png,6.8,6.48
013313-731412.png,7.02,6.14
013000-731425.png,8.96,7.28
012848-731404.png,6.7,6.06
013106-731355.png,6.57,6.09
012327-731351.png,6.69,5.86
012927-731353.png,6.81,6.64
012613-731351.png,7.64,6.21
012913-731342.png,6.58,6.11
012941-731331.png,6.69,6.6
012706-731328.png,7.14,6.39
013148-731325.png,6.79,5.95
012911-731331.png,6.64,6.02
012550-731319.png,7.76,7.31
012212-731254.png,10.19,10.01
012947-731303.png,7.21,6.13
012902-731256.png,7.34,6.91
012208-731241.png,6.54,6.34
011859-731214.png,6.58,6.22
012618-731250.png,6.76,6.04
013243-731220.png,6.64,6.04
013220-731202.png,7.03,6.07
013013-731158.png,6.84,6.02
013245-731144.png,7.4,6.5
013113-731142.png,9.38,7.23
012238-731139.png,7.01,5.65
013404-731124.png,6.66,6.34
012224-731125.png,6.93,6.05
013438-731112.png,6.37,6.28
013025-731122.png,6.66,6.14
012752-731104.png,13.52,9.79
012753-731118.png,6.89,6.46
012752-731051.png,6.59,6.08
013117-731050.png,6.6,5.91
013434-731018.png,6.63,6.12
012236-731023.png,7.02,6.77
013502-730957.png,8.2,6.63
012626-731022.png,6.6,6.05
013052-731016.png,6.5,6.41
012958-731015.png,7.65,6.22
013042-731002.png,6.8,5.99
013303-730929.png,17.83,12.12
012711-730940.png,6.54,5.85
012408-730905.png,7.03,6.22
013528-730846.png,6.46,6.06
012900-730913.png,6.54,6.2
012913-730902.png,6.6,6.41
012813-730901.png,6.63,5.7
012832-730851.png,6.87,6.65
013031-730820.png,6.74,6.0
013206-730804.png,6.37,6.34
012615-730806.png,6.78,5.9
012619-730735.png,6.65,6.03
012815-730800.png,7.34,6.77
012857-730748.png,6.87,6.71
013239-730733.png,6.92,6.2
012108-730715.png,7.5,6.55
013024-730708.png,6.6,6.47
013118-730701.png,6.69,6.03
012938-730705.png,6.81,5.82
012928-730648.png,6.97,5.78
013050-730654.png,8.99,7.87
012811-730652.png,6.23,6.17
012713-730645.png,6.5,6.24
012843-730635.png,7.12,6.15
012341-730623.png,6.81,6.48
012919-730612.png,6.57,6.12
012955-730608.png,8.27,6.78
012342-730553.png,8.7,5.78
013003-730556.png,7.51,5.91
012943-730551.png,6.63,6.47
012555-730541.png,6.9,6.35
012031-730511.png,6.82,6.54
012522-730523.png,6.74,6.23
013045-730517.png,19.23,6.98
012456-730518.png,6.63,6.48
012946-730511.png,6.69,5.93
012939-730456.png,7.56,6.53
012754-730447.png,6.76,6.0
013300-730424.png,12.73,10.5
012214-730422.png,6.58,5.89
012841-730424.png,7.22,6.05
013155-730405.png,6.64,5.97
012220-730351.png,6.77,6.11
012552-730407.png,6.66,5.97
013001-730406.png,6.47,5.8
013146-730358.png,7.53,6.18
013117-730356.png,6.77,6.16
013017-730354.png,6.6,6.05
013329-730305.png,6.7,5.86
013323-730325.png,6.7,5.91
012637-730333.png,6.84,6.06
013207-730308.png,13.05,7.32
013002-730307.png,6.8,6.01
012309-730257.png,7.19,5.6
013021-730258.png,6.66,5.91
012814-730256.png,6.47,6.15
012913-730247.png,6.7,6.0
013247-730218.png,6.77,6.17
013058-730117.png,6.84,6.37
012211-730054.png,15.03,6.53
013332-730052.png,6.49,6.31
012816-730056.png,8.38,7.27
012918-730046.png,6.73,5.85
012555-730041.png,6.45,6.1
013230-730020.png,6.73,5.99
012856-725955.png,6.7,6.19
013347-725920.png,6.98,6.18
012441-725908.png,6.5,6.0
012514-725908.png,7.46,6.38
012852-725840.png,6.63,6.22
012729-725836.png,6.7,6.11
012943-725833.png,6.93,6.61
012409-725815.png,6.85,6.34
012544-725818.png,6.92,6.12
013055-725810.png,6.67,6.0
012714-725809.png,6.59,6.01
012321-725755.png,7.2,6.31
012819-725748.png,8.56,8.46
012235-725735.png,6.63,6.12
013151-725717.png,6.59,6.21
012547-725637.png,6.64,6.05
012544-725646.png,6.61,6.44
012518-725643.png,7.45,6.87
012354-725612.png,6.75,6.19
012510-725555.png,6.62,6.05
012705-725554.png,7.71,6.13
012919-725514.png,6.42,5.99
013116-725459.png,6.72,5.93
012945-725500.png,6.23,6.05
012716-725449.png,9.2,6.88
012858-725444.png,6.49,6.12
012416-725413.png,7.16,6.08
013005-725415.png,6.57,6.01
012829-725416.png,7.69,5.97
012713-725417.png,6.87,6.02
012608-725413.png,7.2,6.6
012504-725405.png,6.55,6.1
012901-725400.png,6.87,6.0
012537-725339.png,6.84,6.2
012853-725307.png,6.72,5.9
012552-725304.png,6.95,6.16
013121-725249.png,6.98,6.51
012842-725210.png,7.78,7.29
012814-725111.png,7.04,5.96
012546-725108.png,6.73,5.88
012604-725041.png,7.68,6.81
